x-axis,1,2,3,4
second,Volt,Volt,Volt,Ampere
-22.33800E-03,-612.50000E-03,-500.00000E-03,-312.50000E-03,+344.99998E-03
-22.28800E-03,-375.00000E-03,-500.00000E-03,-312.50000E-03,+1.02249998E+00
-22.23800E-03,-450.00000E-03,-500.00000E-03,-312.50000E-03,+919.99998E-03
-22.18800E-03,-537.50000E-03,-500.00000E-03,-312.50000E-03,+128.74998E-03
-22.13800E-03,-137.50000E-03,-500.00000E-03,-312.50000E-03,+751.24998E-03
-22.08800E-03,-450.00000E-03,-575.00000E-03,-312.50000E-03,+1.05374998E+00
-22.03800E-03,-612.50000E-03,-737.50000E-03,-387.50000E-03,+108.74998E-03
-21.98800E-03,-375.00000E-03,-425.00000E-03,-625.00000E-03,+454.99998E-03
-21.93800E-03,-450.00000E-03,-262.50000E-03,-625.00000E-03,+957.49998E-03
-21.88800E-03,-612.50000E-03,-575.00000E-03,-550.00000E-03,+541.24998E-03
-21.83800E-03,-375.00000E-03,-737.50000E-03,-312.50000E-03,+87.49998E-03
-21.78800E-03,-375.00000E-03,-500.00000E-03,-312.50000E-03,+861.24998E-03
-21.73800E-03,-300.00000E-03,-575.00000E-03,-387.50000E-03,+1.07874998E+00
-21.68800E-03,-212.50000E-03,-737.50000E-03,-700.00000E-03,+52.49998E-03
-21.63800E-03,-612.50000E-03,-500.00000E-03,-787.50000E-03,+509.99998E-03
-21.58800E-03,-375.00000E-03,-500.00000E-03,-312.50000E-03,+868.74998E-03
-21.53800E-03,-300.00000E-03,-500.00000E-03,-312.50000E-03,+229.99998E-03
-21.48800E-03,-137.50000E-03,-500.00000E-03,-237.50000E-03,+259.99998E-03
-21.43800E-03,-375.00000E-03,-575.00000E-03,-75.00000E-03,+888.74998E-03
-21.38800E-03,-375.00000E-03,-737.50000E-03,-387.50000E-03,+864.99998E-03
-21.33800E-03,-375.00000E-03,-425.00000E-03,-550.00000E-03,+74.99998E-03
-21.28800E-03,-375.00000E-03,-262.50000E-03,-387.50000E-03,+611.24998E-03
-21.23800E-03,-375.00000E-03,-425.00000E-03,-550.00000E-03,+918.74998E-03
-21.18800E-03,-375.00000E-03,-262.50000E-03,-312.50000E-03,+102.49998E-03
-21.13800E-03,-375.00000E-03,-575.00000E-03,-387.50000E-03,+329.99998E-03
-21.08800E-03,-450.00000E-03,-737.50000E-03,-625.00000E-03,+884.99998E-03
-21.03800E-03,-612.50000E-03,-500.00000E-03,-550.00000E-03,+619.99998E-03
-20.98800E-03,-450.00000E-03,-350.00000E-03,-312.50000E-03,+103.74998E-03
-20.93800E-03,-687.50000E-03,-100.00000E-03,-312.50000E-03,+822.49998E-03
-20.88800E-03,-537.50000E-03,-737.50000E-03,-312.50000E-03,+1.04624998E+00
-20.83800E-03,-137.50000E-03,-500.00000E-03,-312.50000E-03,+99.99998E-03
-20.78800E-03,-375.00000E-03,-500.00000E-03,-387.50000E-03,+517.49998E-03
-20.73800E-03,-300.00000E-03,-500.00000E-03,-625.00000E-03,+982.49998E-03
-20.68800E-03,-212.50000E-03,-500.00000E-03,-625.00000E-03,+507.49998E-03
-20.63800E-03,-537.50000E-03,-575.00000E-03,-550.00000E-03,+236.24998E-03
-20.58800E-03,-137.50000E-03,-737.50000E-03,-312.50000E-03,+948.74998E-03
-20.53800E-03,-450.00000E-03,-425.00000E-03,-312.50000E-03,+1.08499998E+00
-20.48800E-03,-612.50000E-03,-262.50000E-03,-387.50000E-03,+184.99998E-03
-20.43800E-03,-375.00000E-03,-500.00000E-03,-550.00000E-03,+696.24998E-03
-20.38800E-03,-375.00000E-03,-500.00000E-03,-312.50000E-03,+1.15749998E+00
-20.33800E-03,-450.00000E-03,-500.00000E-03,-312.50000E-03,+497.49998E-03
-20.28800E-03,-687.50000E-03,-575.00000E-03,-312.50000E-03,+414.99998E-03
-20.23800E-03,-687.50000E-03,-662.50000E-03,-387.50000E-03,+1.12374998E+00
-20.18800E-03,-612.50000E-03,-262.50000E-03,-550.00000E-03,+1.09749998E+00
-20.13800E-03,-375.00000E-03,-500.00000E-03,-387.50000E-03,+464.99998E-03
-20.08800E-03,-375.00000E-03,-575.00000E-03,-550.00000E-03,+1.08624998E+00
-20.03800E-03,-375.00000E-03,-662.50000E-03,-312.50000E-03,+1.52749998E+00
-19.98800E-03,-375.00000E-03,-112.50000E-03,-387.50000E-03,+721.24998E-03
-19.93800E-03,-375.00000E-03,+50.00000E-03,-625.00000E-03,+852.49998E-03
-19.88800E-03,-375.00000E-03,-262.50000E-03,-625.00000E-03,+1.51624998E+00
-19.83800E-03,-375.00000E-03,-425.00000E-03,-625.00000E-03,+1.39249998E+00
-19.78800E-03,-375.00000E-03,-262.50000E-03,-625.00000E-03,+909.99998E-03
-19.73800E-03,-375.00000E-03,-425.00000E-03,-625.00000E-03,+1.55499998E+00
-19.68800E-03,-375.00000E-03,-262.50000E-03,-550.00000E-03,+1.95874998E+00
-19.63800E-03,+450.00000E-03,-425.00000E-03,-387.50000E-03,+786.24998E-03
-19.58800E-03,+3.06250000E+00,-262.50000E-03,-625.00000E-03,-53.75002E-03
-19.53800E-03,+2.01250000E+00,-500.00000E-03,-625.00000E-03,-133.75002E-03
-19.48800E-03,-1.23750000E+00,-500.00000E-03,-625.00000E-03,-477.50002E-03
-19.43800E-03,-25.00000E-03,-500.00000E-03,-625.00000E-03,-227.50002E-03
-19.38800E-03,+2.08750000E+00,-500.00000E-03,-625.00000E-03,-82.50002E-03
-19.33800E-03,-1.07500000E+00,-500.00000E-03,-700.00000E-03,-315.00002E-03
-19.28800E-03,-187.50000E-03,-500.00000E-03,-787.50000E-03,-450.00002E-03
-19.23800E-03,+3.60000000E+00,-500.00000E-03,-312.50000E-03,+17.49998E-03
-19.18800E-03,+3.03750000E+00,-575.00000E-03,-387.50000E-03,-141.25002E-03
-19.13800E-03,-100.00000E-03,-662.50000E-03,-550.00000E-03,-456.25002E-03
-19.08800E-03,+3.12500000E+00,-187.50000E-03,-312.50000E-03,-92.50002E-03
-19.03800E-03,+2.96250000E+00,-187.50000E-03,-387.50000E-03,-113.75002E-03
-18.98800E-03,-1.23750000E+00,-262.50000E-03,-475.00000E-03,-226.25002E-03
-18.93800E-03,+425.00000E-03,-425.00000E-03,-75.00000E-03,-108.75002E-03
-18.88800E-03,+4.93750000E+00,-262.50000E-03,-387.50000E-03,-37.50002E-03
-18.83800E-03,+3.58750000E+00,-500.00000E-03,-550.00000E-03,-97.50002E-03
-18.78800E-03,+737.50000E-03,-425.00000E-03,-387.50000E-03,-235.00002E-03
-18.73800E-03,+5.32500000E+00,-262.50000E-03,-550.00000E-03,-53.75002E-03
-18.68800E-03,+3.91250000E+00,-500.00000E-03,-387.50000E-03,-58.75002E-03
-18.63800E-03,+562.50000E-03,-500.00000E-03,-550.00000E-03,-172.50002E-03
-18.58800E-03,+6.35000000E+00,-500.00000E-03,-312.50000E-03,-13.75002E-03
-18.53800E-03,+4.22500000E+00,-575.00000E-03,-387.50000E-03,-52.50002E-03
-18.48800E-03,-100.00000E-03,-737.50000E-03,-550.00000E-03,-85.00002E-03
-18.43800E-03,+3.57500000E+00,-425.00000E-03,-387.50000E-03,-22.50002E-03
-18.38800E-03,+6.26250000E+00,-262.50000E-03,-550.00000E-03,+17.49998E-03
-18.33800E-03,+4.70000000E+00,-500.00000E-03,-387.50000E-03,-36.25002E-03
-18.28800E-03,+950.00000E-03,-500.00000E-03,-550.00000E-03,-108.75002E-03
-18.23800E-03,+7.12500000E+00,-500.00000E-03,-312.50000E-03,-45.00002E-03
-18.18800E-03,+5.10000000E+00,-500.00000E-03,-387.50000E-03,-68.75002E-03
-18.13800E-03,+112.50000E-03,-500.00000E-03,-625.00000E-03,-61.25002E-03
-18.08800E-03,+5.37500000E+00,-425.00000E-03,-550.00000E-03,-30.00002E-03
-18.03800E-03,+7.75000000E+00,-262.50000E-03,-312.50000E-03,-6.25002E-03
-17.98800E-03,+7.00000000E+00,-500.00000E-03,-312.50000E-03,-13.75002E-03
-17.93800E-03,+5.52500000E+00,-425.00000E-03,-312.50000E-03,-52.50002E-03
-17.88800E-03,+8.30000000E+00,-262.50000E-03,-387.50000E-03,-70.00002E-03
-17.83800E-03,+6.18750000E+00,-425.00000E-03,-550.00000E-03,+9.99998E-03
-17.78800E-03,+2.42500000E+00,-262.50000E-03,-387.50000E-03,-30.00002E-03
-17.73800E-03,+9.16250000E+00,-500.00000E-03,-550.00000E-03,-13.75002E-03
-17.68800E-03,+6.36250000E+00,-425.00000E-03,-312.50000E-03,-60.00002E-03
-17.63800E-03,+875.00000E-03,-187.50000E-03,-387.50000E-03,-108.75002E-03
-17.58800E-03,+7.41250000E+00,-262.50000E-03,-550.00000E-03,-30.00002E-03
-17.53800E-03,+9.38750000E+00,-500.00000E-03,-312.50000E-03,-6.25002E-03
-17.48800E-03,+7.60000000E+00,-500.00000E-03,-312.50000E-03,-13.75002E-03
-17.43800E-03,+3.28750000E+00,-425.00000E-03,-312.50000E-03,-37.50002E-03
-17.38800E-03,+9.93750000E+00,-262.50000E-03,-312.50000E-03,-45.00002E-03
-17.33800E-03,+8.06250000E+00,-500.00000E-03,-312.50000E-03,-53.75002E-03
-17.28800E-03,+3.40000000E+00,-575.00000E-03,-312.50000E-03,-6.25002E-03
-17.23800E-03,+8.26250000E+00,-662.50000E-03,-387.50000E-03,-6.25002E-03
-17.18800E-03,+10.80000000E+00,-262.50000E-03,-550.00000E-03,-6.25002E-03
-17.13800E-03,+8.83750000E+00,-425.00000E-03,-312.50000E-03,-13.75002E-03
-17.08800E-03,+5.25000000E+00,-262.50000E-03,-312.50000E-03,-45.00002E-03
-17.03800E-03,+11.26250000E+00,-500.00000E-03,-312.50000E-03,-46.25002E-03
-16.98800E-03,+9.32500000E+00,-500.00000E-03,-312.50000E-03,+9.99998E-03
-16.93800E-03,+3.78750000E+00,-500.00000E-03,-387.50000E-03,-37.50002E-03
-16.88800E-03,+8.96250000E+00,-500.00000E-03,-625.00000E-03,-37.50002E-03
-16.83800E-03,+11.58750000E+00,-500.00000E-03,-550.00000E-03,-45.00002E-03
-16.78800E-03,+10.87500000E+00,-575.00000E-03,-312.50000E-03,-53.75002E-03
-16.73800E-03,+11.25000000E+00,-737.50000E-03,-387.50000E-03,-6.25002E-03
-16.68800E-03,+12.36250000E+00,-500.00000E-03,-625.00000E-03,-13.75002E-03
-16.63800E-03,+9.95000000E+00,-500.00000E-03,-625.00000E-03,-37.50002E-03
-16.58800E-03,+5.38750000E+00,-500.00000E-03,-550.00000E-03,-37.50002E-03
-16.53800E-03,+12.75000000E+00,-425.00000E-03,-312.50000E-03,-45.00002E-03
-16.48800E-03,+10.95000000E+00,-262.50000E-03,-387.50000E-03,-53.75002E-03
-16.43800E-03,+6.97500000E+00,-500.00000E-03,-625.00000E-03,-6.25002E-03
-16.38800E-03,+12.66250000E+00,-500.00000E-03,-625.00000E-03,-6.25002E-03
-16.33800E-03,+13.37500000E+00,-425.00000E-03,-550.00000E-03,-13.75002E-03
-16.28800E-03,+11.05000000E+00,-262.50000E-03,-387.50000E-03,-45.00002E-03
-16.23800E-03,+6.23750000E+00,-425.00000E-03,-550.00000E-03,-61.25002E-03
-16.18800E-03,+14.16250000E+00,-337.50000E-03,-312.50000E-03,-22.50002E-03
-16.13800E-03,+11.36250000E+00,-737.50000E-03,-387.50000E-03,+9.99998E-03
-16.08800E-03,+5.65000000E+00,-425.00000E-03,-625.00000E-03,-30.00002E-03
-16.03800E-03,+11.77500000E+00,-262.50000E-03,-550.00000E-03,-21.25002E-03
-15.98800E-03,+14.85000000E+00,-500.00000E-03,-387.50000E-03,-398.75002E-03
-15.93800E-03,+14.58750000E+00,-500.00000E-03,-625.00000E-03,-1.11375002E+00
-15.88800E-03,+12.47500000E+00,-500.00000E-03,-625.00000E-03,-136.25002E-03
-15.83800E-03,+15.48750000E+00,-500.00000E-03,-550.00000E-03,-560.00002E-03
-15.78800E-03,+11.35000000E+00,-425.00000E-03,-387.50000E-03,-1.12000002E+00
-15.73800E-03,+2.97500000E+00,-262.50000E-03,-625.00000E-03,-622.50002E-03
-15.68800E-03,+15.56250000E+00,-500.00000E-03,-550.00000E-03,-287.50002E-03
-15.63800E-03,+11.51250000E+00,-425.00000E-03,-237.50000E-03,-1.01625002E+00
-15.58800E-03,+1.16250000E+00,-262.50000E-03,-75.00000E-03,-1.10625002E+00
-15.53800E-03,+10.50000000E+00,-500.00000E-03,-312.50000E-03,-157.50002E-03
-15.48800E-03,+15.32500000E+00,-500.00000E-03,-387.50000E-03,-717.50002E-03
-15.43800E-03,+11.51250000E+00,-500.00000E-03,-625.00000E-03,-1.06250002E+00
-15.38800E-03,+2.73750000E+00,-500.00000E-03,-550.00000E-03,-312.50002E-03
-15.33800E-03,+15.56250000E+00,-500.00000E-03,-312.50000E-03,-366.25002E-03
-15.28800E-03,+11.51250000E+00,-425.00000E-03,-387.50000E-03,-942.50002E-03
-15.23800E-03,+1.38750000E+00,-337.50000E-03,-550.00000E-03,-805.00002E-03
-15.18800E-03,+11.28750000E+00,-662.50000E-03,-312.50000E-03,-211.25002E-03
-15.13800E-03,+15.56250000E+00,-262.50000E-03,-312.50000E-03,-835.00002E-03
-15.08800E-03,+14.96250000E+00,-500.00000E-03,-312.50000E-03,-1.05875002E+00
-15.03800E-03,+13.58750000E+00,-425.00000E-03,-387.50000E-03,-97.50002E-03
-14.98800E-03,+15.25000000E+00,-262.50000E-03,-625.00000E-03,-467.50002E-03
-14.93800E-03,+11.27500000E+00,-500.00000E-03,-625.00000E-03,-955.00002E-03
-14.88800E-03,+2.66250000E+00,-500.00000E-03,-625.00000E-03,-543.75002E-03
-14.83800E-03,+15.25000000E+00,-575.00000E-03,-625.00000E-03,-241.25002E-03
-14.78800E-03,+11.27500000E+00,-737.50000E-03,-625.00000E-03,-937.50002E-03
-14.73800E-03,+1.38750000E+00,-500.00000E-03,-625.00000E-03,-1.08250002E+00
-14.68800E-03,+11.21250000E+00,-575.00000E-03,-625.00000E-03,-135.00002E-03
-14.63800E-03,+15.25000000E+00,-737.50000E-03,-625.00000E-03,-616.25002E-03
-14.58800E-03,+11.27500000E+00,-500.00000E-03,-550.00000E-03,-960.00002E-03
-14.53800E-03,+2.81250000E+00,-350.00000E-03,-237.50000E-03,-273.75002E-03
-14.48800E-03,+15.72500000E+00,-100.00000E-03,-75.00000E-03,-311.25002E-03
-14.43800E-03,+11.27500000E+00,-662.50000E-03,-312.50000E-03,-948.75002E-03
-14.38800E-03,+1.46250000E+00,-262.50000E-03,-312.50000E-03,-885.00002E-03
-14.33800E-03,+11.52500000E+00,-500.00000E-03,-387.50000E-03,-156.25002E-03
-14.28800E-03,+15.56250000E+00,-425.00000E-03,-550.00000E-03,-803.75002E-03
-14.23800E-03,+13.83750000E+00,-337.50000E-03,-387.50000E-03,-1.04250002E+00
-14.18800E-03,+10.02500000E+00,-737.50000E-03,-625.00000E-03,-121.25002E-03
-14.13800E-03,+15.32500000E+00,-500.00000E-03,-625.00000E-03,-467.50002E-03
-14.08800E-03,+11.51250000E+00,-425.00000E-03,-625.00000E-03,-1.00000002E+00
-14.03800E-03,+1.46250000E+00,-187.50000E-03,-550.00000E-03,-686.25002E-03
-13.98800E-03,+11.45000000E+00,-337.50000E-03,-312.50000E-03,-241.25002E-03
-13.93800E-03,+15.32500000E+00,-737.50000E-03,-387.50000E-03,-960.00002E-03
-13.88800E-03,+13.91250000E+00,-500.00000E-03,-475.00000E-03,-1.15375002E+00
-13.83800E-03,+10.33750000E+00,-500.00000E-03,-150.00000E-03,-142.50002E-03
-13.78800E-03,+15.56250000E+00,-500.00000E-03,-550.00000E-03,-685.00002E-03
-13.73800E-03,+11.51250000E+00,-575.00000E-03,-387.50000E-03,-1.17750002E+00
-13.68800E-03,+2.66250000E+00,-662.50000E-03,-550.00000E-03,-496.25002E-03
-13.63800E-03,+15.25000000E+00,-187.50000E-03,-387.50000E-03,-308.75002E-03
-13.58800E-03,+11.35000000E+00,-262.50000E-03,-550.00000E-03,-1.21875002E+00
-13.53800E-03,+1.32500000E+00,-500.00000E-03,-387.50000E-03,-1.29625002E+00
-13.48800E-03,+10.33750000E+00,-500.00000E-03,-625.00000E-03,-240.00002E-03
-13.43800E-03,+15.48750000E+00,-500.00000E-03,-625.00000E-03,-1.10625002E+00
-13.38800E-03,+11.35000000E+00,-500.00000E-03,-550.00000E-03,-1.51875002E+00
-13.33800E-03,+2.97500000E+00,-500.00000E-03,-387.50000E-03,-508.75002E-03
-13.28800E-03,+15.48750000E+00,-425.00000E-03,-625.00000E-03,-618.75002E-03
-13.23800E-03,+11.35000000E+00,-262.50000E-03,-625.00000E-03,-1.61375002E+00
-13.18800E-03,+1.32500000E+00,-425.00000E-03,-550.00000E-03,-1.35125002E+00
-13.13800E-03,+10.26250000E+00,-337.50000E-03,-387.50000E-03,-338.75002E-03
-13.08800E-03,+15.25000000E+00,-662.50000E-03,-550.00000E-03,-1.47125002E+00
-13.03800E-03,+11.35000000E+00,-187.50000E-03,-312.50000E-03,-1.93750002E+00
-12.98800E-03,+2.90000000E+00,-187.50000E-03,-312.50000E-03,-481.25002E-03
-12.93800E-03,+15.25000000E+00,-187.50000E-03,-462.50000E-03,-238.75002E-03
-12.88800E-03,+11.35000000E+00,-262.50000E-03,-862.50000E-03,-870.00002E-03
-12.83800E-03,+2.97500000E+00,-500.00000E-03,-550.00000E-03,-410.00002E-03
-12.78800E-03,+15.56250000E+00,-500.00000E-03,-387.50000E-03,-246.25002E-03
-12.73800E-03,+11.58750000E+00,-500.00000E-03,-550.00000E-03,-1.19375002E+00
-12.68800E-03,+1.40000000E+00,-500.00000E-03,-237.50000E-03,-1.37500002E+00
-12.63800E-03,+10.57500000E+00,-425.00000E-03,-75.00000E-03,-218.75002E-03
-12.58800E-03,+15.56250000E+00,-337.50000E-03,-312.50000E-03,-881.25002E-03
-12.53800E-03,+11.58750000E+00,-812.50000E-03,-312.50000E-03,-1.22750002E+00
-12.48800E-03,+2.97500000E+00,-737.50000E-03,-312.50000E-03,-398.75002E-03
-12.43800E-03,+15.56250000E+00,-500.00000E-03,-312.50000E-03,-436.25002E-03
-12.38800E-03,+11.58750000E+00,-500.00000E-03,-387.50000E-03,-1.06625002E+00
-12.33800E-03,+1.17500000E+00,-500.00000E-03,-625.00000E-03,-971.25002E-03
-12.28800E-03,+9.86250000E+00,-425.00000E-03,-550.00000E-03,-203.75002E-03
-12.23800E-03,+15.56250000E+00,-262.50000E-03,-312.50000E-03,-811.25002E-03
-12.18800E-03,+13.68750000E+00,-500.00000E-03,-387.50000E-03,-1.07375002E+00
-12.13800E-03,+9.55000000E+00,-500.00000E-03,-550.00000E-03,-152.50002E-03
-12.08800E-03,+15.40000000E+00,-500.00000E-03,-387.50000E-03,-506.25002E-03
-12.03800E-03,+11.90000000E+00,-500.00000E-03,-625.00000E-03,-1.02500002E+00
-11.98800E-03,+1.93750000E+00,-500.00000E-03,-550.00000E-03,-592.50002E-03
-11.93800E-03,+11.52500000E+00,-575.00000E-03,-387.50000E-03,-147.50002E-03
-11.88800E-03,+13.08750000E+00,-737.50000E-03,-625.00000E-03,-866.25002E-03
-11.83800E-03,+6.52500000E+00,-500.00000E-03,-550.00000E-03,-1.08250002E+00
-11.78800E-03,+11.68750000E+00,-500.00000E-03,-387.50000E-03,-142.50002E-03
-11.73800E-03,+15.32500000E+00,-500.00000E-03,-625.00000E-03,-632.50002E-03
-11.68800E-03,+11.51250000E+00,-575.00000E-03,-550.00000E-03,-951.25002E-03
-11.63800E-03,+2.73750000E+00,-737.50000E-03,-312.50000E-03,-313.75002E-03
-11.58800E-03,+15.48750000E+00,-500.00000E-03,-387.50000E-03,-280.00002E-03
-11.53800E-03,+11.27500000E+00,-500.00000E-03,-625.00000E-03,-932.50002E-03
-11.48800E-03,+1.61250000E+00,-500.00000E-03,-550.00000E-03,-931.25002E-03
-11.43800E-03,+12.00000000E+00,-500.00000E-03,-387.50000E-03,-205.00002E-03
-11.38800E-03,+15.56250000E+00,-575.00000E-03,-550.00000E-03,-702.50002E-03
-11.33800E-03,+13.76250000E+00,-737.50000E-03,-312.50000E-03,-955.00002E-03
-11.28800E-03,+9.78750000E+00,-425.00000E-03,-387.50000E-03,-130.00002E-03
-11.23800E-03,+15.25000000E+00,-262.50000E-03,-550.00000E-03,-412.50002E-03
-11.18800E-03,+11.27500000E+00,-575.00000E-03,-387.50000E-03,-991.25002E-03
-11.13800E-03,+1.46250000E+00,-812.50000E-03,-550.00000E-03,-711.25002E-03
-11.08800E-03,+11.52500000E+00,-737.50000E-03,-387.50000E-03,-147.50002E-03
-11.03800E-03,+15.48750000E+00,-500.00000E-03,-550.00000E-03,-873.75002E-03
-10.98800E-03,+14.27500000E+00,-425.00000E-03,-312.50000E-03,-1.11375002E+00
-10.93800E-03,+12.16250000E+00,-262.50000E-03,-312.50000E-03,-158.75002E-03
-10.88800E-03,+15.32500000E+00,-500.00000E-03,-387.50000E-03,-623.75002E-03
-10.83800E-03,+11.51250000E+00,-500.00000E-03,-550.00000E-03,-1.05875002E+00
-10.78800E-03,+2.73750000E+00,-500.00000E-03,-387.50000E-03,-488.75002E-03
-10.73800E-03,+15.63750000E+00,-575.00000E-03,-550.00000E-03,-232.50002E-03
-10.68800E-03,+11.82500000E+00,-662.50000E-03,-312.50000E-03,-1.01500002E+00
-10.63800E-03,+1.25000000E+00,-262.50000E-03,-387.50000E-03,-1.19250002E+00
-10.58800E-03,+10.17500000E+00,-500.00000E-03,-625.00000E-03,-205.00002E-03
-10.53800E-03,+15.72500000E+00,-500.00000E-03,-625.00000E-03,-732.50002E-03
-10.48800E-03,+11.35000000E+00,-575.00000E-03,-625.00000E-03,-1.14000002E+00
-10.43800E-03,+2.97500000E+00,-737.50000E-03,-625.00000E-03,-407.50002E-03
-10.38800E-03,+15.56250000E+00,-500.00000E-03,-550.00000E-03,-418.75002E-03
-10.33800E-03,+11.51250000E+00,-500.00000E-03,-312.50000E-03,-1.19125002E+00
-10.28800E-03,+1.38750000E+00,-575.00000E-03,-312.50000E-03,-1.05125002E+00
-10.23800E-03,+11.28750000E+00,-737.50000E-03,-312.50000E-03,-186.25002E-03
-10.18800E-03,+15.48750000E+00,-500.00000E-03,-387.50000E-03,-988.75002E-03
-10.13800E-03,+11.35000000E+00,-575.00000E-03,-550.00000E-03,-1.40250002E+00
-10.08800E-03,+2.97500000E+00,-662.50000E-03,-387.50000E-03,-403.75002E-03
-10.03800E-03,+15.48750000E+00,-262.50000E-03,-700.00000E-03,-692.50002E-03
-9.98800E-03,+11.27500000E+00,-425.00000E-03,-862.50000E-03,-1.35125002E+00
-9.93800E-03,+2.73750000E+00,-337.50000E-03,-625.00000E-03,-956.25002E-03
-9.88800E-03,+15.48750000E+00,-737.50000E-03,-625.00000E-03,-261.25002E-03
-9.83800E-03,+11.35000000E+00,-500.00000E-03,-550.00000E-03,-1.32375002E+00
-9.78800E-03,-925.00000E-03,-425.00000E-03,-312.50000E-03,-1.71125002E+00
-9.73800E-03,+2.38750000E+00,-262.50000E-03,-387.50000E-03,-291.25002E-03
-9.68800E-03,+12.05000000E+00,-500.00000E-03,-625.00000E-03,-13.75002E-03
-9.63800E-03,+9.71250000E+00,-425.00000E-03,-550.00000E-03,-37.50002E-03
-9.58800E-03,+5.01250000E+00,-262.50000E-03,-312.50000E-03,-37.50002E-03
-9.53800E-03,+11.26250000E+00,-575.00000E-03,-312.50000E-03,-52.50002E-03
-9.48800E-03,+9.62500000E+00,-737.50000E-03,-387.50000E-03,-77.50002E-03
-9.43800E-03,+4.36250000E+00,-500.00000E-03,-550.00000E-03,-6.25002E-03
-9.38800E-03,+7.62500000E+00,-575.00000E-03,-312.50000E-03,-6.25002E-03
-9.33800E-03,+11.11250000E+00,-662.50000E-03,-312.50000E-03,-13.75002E-03
-9.28800E-03,+8.70000000E+00,-187.50000E-03,-312.50000E-03,-45.00002E-03
-9.23800E-03,+3.83750000E+00,-337.50000E-03,-387.50000E-03,-61.25002E-03
-9.18800E-03,+10.25000000E+00,-737.50000E-03,-625.00000E-03,-30.00002E-03
-9.13800E-03,+8.07500000E+00,-500.00000E-03,-550.00000E-03,-13.75002E-03
-9.08800E-03,+2.61250000E+00,-575.00000E-03,-237.50000E-03,-37.50002E-03
-9.03800E-03,+7.87500000E+00,-737.50000E-03,-75.00000E-03,-37.50002E-03
-8.98800E-03,+10.25000000E+00,-500.00000E-03,-312.50000E-03,-45.00002E-03
-8.93800E-03,+9.42500000E+00,-500.00000E-03,-387.50000E-03,-53.75002E-03
-8.88800E-03,+7.41250000E+00,-575.00000E-03,-625.00000E-03,-13.75002E-03
-8.83800E-03,+9.23750000E+00,-812.50000E-03,-625.00000E-03,-37.50002E-03
-8.78800E-03,+6.97500000E+00,-737.50000E-03,-625.00000E-03,-30.00002E-03
-8.73800E-03,+2.88750000E+00,-500.00000E-03,-550.00000E-03,-21.25002E-03
-8.68800E-03,+9.80000000E+00,-500.00000E-03,-312.50000E-03,-68.75002E-03
-8.63800E-03,+6.12500000E+00,-575.00000E-03,-312.50000E-03,-68.75002E-03
-8.58800E-03,+800.00000E-03,-812.50000E-03,-387.50000E-03,-53.75002E-03
-8.53800E-03,+6.87500000E+00,-662.50000E-03,-550.00000E-03,-13.75002E-03
-8.48800E-03,+8.06250000E+00,-262.50000E-03,-312.50000E-03,-37.50002E-03
-8.43800E-03,+6.26250000E+00,-500.00000E-03,-387.50000E-03,-45.00002E-03
-8.38800E-03,+2.36250000E+00,-500.00000E-03,-625.00000E-03,-53.75002E-03
-8.33800E-03,+7.91250000E+00,-500.00000E-03,-550.00000E-03,-13.75002E-03
-8.28800E-03,+5.41250000E+00,-575.00000E-03,-387.50000E-03,-45.00002E-03
-8.23800E-03,+275.00000E-03,-737.50000E-03,-550.00000E-03,-61.25002E-03
-8.18800E-03,+4.98750000E+00,-425.00000E-03,-312.50000E-03,-45.00002E-03
-8.13800E-03,+7.05000000E+00,-337.50000E-03,-387.50000E-03,-68.75002E-03
-8.08800E-03,+6.28750000E+00,-812.50000E-03,-550.00000E-03,-61.25002E-03
-8.03800E-03,+5.15000000E+00,-737.50000E-03,-312.50000E-03,-37.50002E-03
-7.98800E-03,+6.73750000E+00,-500.00000E-03,-387.50000E-03,-37.50002E-03
-7.93800E-03,+4.70000000E+00,-575.00000E-03,-625.00000E-03,-75.00002E-03
-7.88800E-03,+575.00000E-03,-737.50000E-03,-550.00000E-03,-163.75002E-03
-7.83800E-03,+5.63750000E+00,-500.00000E-03,-387.50000E-03,-61.25002E-03
-7.78800E-03,+4.22500000E+00,-500.00000E-03,-550.00000E-03,-45.00002E-03
-7.73800E-03,+200.00000E-03,-500.00000E-03,-312.50000E-03,-61.25002E-03
-7.68800E-03,+4.30000000E+00,-575.00000E-03,-237.50000E-03,-45.00002E-03
-7.63800E-03,+5.25000000E+00,-737.50000E-03,-150.00000E-03,-61.25002E-03
-7.58800E-03,+3.75000000E+00,-425.00000E-03,-550.00000E-03,-112.50002E-03
-7.53800E-03,+275.00000E-03,-262.50000E-03,-312.50000E-03,-275.00002E-03
-7.48800E-03,+4.38750000E+00,-500.00000E-03,-312.50000E-03,-30.00002E-03
-7.43800E-03,+3.27500000E+00,-500.00000E-03,-387.50000E-03,-36.25002E-03
-7.38800E-03,-1.00000000E+00,-500.00000E-03,-625.00000E-03,-131.25002E-03
-7.33800E-03,+275.00000E-03,-500.00000E-03,-550.00000E-03,-108.75002E-03
-7.28800E-03,+4.23750000E+00,-500.00000E-03,-387.50000E-03,-37.50002E-03
-7.23800E-03,+2.72500000E+00,-500.00000E-03,-625.00000E-03,-135.00002E-03
-7.18800E-03,-112.50000E-03,-500.00000E-03,-550.00000E-03,-353.75002E-03
-7.13800E-03,+3.68750000E+00,-425.00000E-03,-312.50000E-03,-53.75002E-03
-7.08800E-03,+2.63750000E+00,-262.50000E-03,-312.50000E-03,-81.25002E-03
-7.03800E-03,-762.50000E-03,-500.00000E-03,-387.50000E-03,-356.25002E-03
-6.98800E-03,-25.00000E-03,-575.00000E-03,-550.00000E-03,-377.50002E-03
-6.93800E-03,+2.98750000E+00,-812.50000E-03,-312.50000E-03,-53.75002E-03
-6.88800E-03,+1.85000000E+00,-737.50000E-03,-387.50000E-03,-178.75002E-03
-6.83800E-03,-925.00000E-03,-500.00000E-03,-625.00000E-03,-582.50002E-03
-6.78800E-03,+62.50000E-03,-575.00000E-03,-550.00000E-03,-116.25002E-03
-6.73800E-03,+1.61250000E+00,-812.50000E-03,-387.50000E-03,-188.75002E-03
-6.68800E-03,-1.00000000E+00,-887.50000E-03,-625.00000E-03,-613.75002E-03
-6.63800E-03,-475.00000E-03,-975.00000E-03,-550.00000E-03,-576.25002E-03
-6.58800E-03,+587.50000E-03,-425.00000E-03,-387.50000E-03,-36.25002E-03
-6.53800E-03,-1.31250000E+00,-262.50000E-03,-625.00000E-03,-363.75002E-03
-6.48800E-03,-1.01250000E+00,-425.00000E-03,-550.00000E-03,-792.50002E-03
-6.43800E-03,-137.50000E-03,-262.50000E-03,-387.50000E-03,+428.74998E-03
-6.38800E-03,-375.00000E-03,-500.00000E-03,-550.00000E-03,+1.06999998E+00
-6.33800E-03,-450.00000E-03,-500.00000E-03,-312.50000E-03,+551.24998E-03
-6.28800E-03,-612.50000E-03,-425.00000E-03,-387.50000E-03,+547.49998E-03
-6.23800E-03,-375.00000E-03,-262.50000E-03,-550.00000E-03,+1.25749998E+00
-6.18800E-03,-300.00000E-03,-500.00000E-03,-312.50000E-03,+1.15249998E+00
-6.13800E-03,-287.50000E-03,-500.00000E-03,-312.50000E-03,+488.74998E-03
-6.08800E-03,-925.00000E-03,-500.00000E-03,-312.50000E-03,+1.07124998E+00
-6.03800E-03,-612.50000E-03,-425.00000E-03,-312.50000E-03,+1.42749998E+00
-5.98800E-03,-375.00000E-03,-262.50000E-03,-312.50000E-03,+494.99998E-03
-5.93800E-03,-375.00000E-03,-500.00000E-03,-312.50000E-03,+587.49998E-03
-5.88800E-03,-375.00000E-03,-425.00000E-03,-312.50000E-03,+1.12124998E+00
-5.83800E-03,-300.00000E-03,-262.50000E-03,-312.50000E-03,+713.74998E-03
-5.78800E-03,-137.50000E-03,-500.00000E-03,-387.50000E-03,+197.49998E-03
-5.73800E-03,-450.00000E-03,-425.00000E-03,-625.00000E-03,+901.24998E-03
-5.68800E-03,-612.50000E-03,-262.50000E-03,-625.00000E-03,+1.06999998E+00
-5.63800E-03,-375.00000E-03,-500.00000E-03,-625.00000E-03,+114.99998E-03
-5.58800E-03,-375.00000E-03,-500.00000E-03,-550.00000E-03,+587.49998E-03
-5.53800E-03,-450.00000E-03,-425.00000E-03,-387.50000E-03,+986.24998E-03
-5.48800E-03,-612.50000E-03,-262.50000E-03,-625.00000E-03,+301.24998E-03
-5.43800E-03,-375.00000E-03,-425.00000E-03,-550.00000E-03,+267.49998E-03
-5.38800E-03,-375.00000E-03,-337.50000E-03,-312.50000E-03,+889.99998E-03
-5.33800E-03,-375.00000E-03,-737.50000E-03,-312.50000E-03,+786.24998E-03
-5.28800E-03,-375.00000E-03,-425.00000E-03,-387.50000E-03,+81.24998E-03
-5.23800E-03,-375.00000E-03,-262.50000E-03,-625.00000E-03,+713.74998E-03
-5.18800E-03,-375.00000E-03,-500.00000E-03,-550.00000E-03,+927.49998E-03
-5.13800E-03,-375.00000E-03,-500.00000E-03,-387.50000E-03,+77.49998E-03
-5.08800E-03,-375.00000E-03,-500.00000E-03,-625.00000E-03,+401.24998E-03
-5.03800E-03,-375.00000E-03,-500.00000E-03,-550.00000E-03,+832.49998E-03
-4.98800E-03,-450.00000E-03,-425.00000E-03,-387.50000E-03,+468.74998E-03
-4.93800E-03,-537.50000E-03,-112.50000E-03,-625.00000E-03,+143.74998E-03
-4.88800E-03,-137.50000E-03,-25.00000E-03,-550.00000E-03,+798.74998E-03
-4.83800E-03,-450.00000E-03,-425.00000E-03,-387.50000E-03,+1.03124998E+00
-4.78800E-03,-612.50000E-03,-262.50000E-03,-625.00000E-03,+37.49998E-03
-4.73800E-03,-375.00000E-03,-500.00000E-03,-625.00000E-03,+469.99998E-03
-4.68800E-03,-375.00000E-03,-425.00000E-03,-625.00000E-03,+914.99998E-03
-4.63800E-03,-375.00000E-03,-262.50000E-03,-625.00000E-03,+293.74998E-03
-4.58800E-03,-375.00000E-03,-500.00000E-03,-625.00000E-03,+236.24998E-03
-4.53800E-03,-375.00000E-03,-425.00000E-03,-625.00000E-03,+888.74998E-03
-4.48800E-03,-375.00000E-03,-262.50000E-03,-550.00000E-03,+857.49998E-03
-4.43800E-03,-300.00000E-03,-500.00000E-03,-312.50000E-03,+66.24998E-03
-4.38800E-03,-137.50000E-03,-425.00000E-03,-387.50000E-03,+681.24998E-03
-4.33800E-03,-375.00000E-03,-262.50000E-03,-625.00000E-03,+989.99998E-03
-4.28800E-03,-450.00000E-03,-425.00000E-03,-625.00000E-03,+109.99998E-03
-4.23800E-03,-687.50000E-03,-262.50000E-03,-625.00000E-03,+368.74998E-03
-4.18800E-03,-687.50000E-03,-500.00000E-03,-550.00000E-03,+947.49998E-03
-4.13800E-03,-612.50000E-03,-500.00000E-03,-387.50000E-03,+682.49998E-03
-4.08800E-03,-450.00000E-03,-425.00000E-03,-625.00000E-03,+166.24998E-03
-4.03800E-03,-612.50000E-03,-262.50000E-03,-625.00000E-03,+899.99998E-03
-3.98800E-03,-375.00000E-03,-500.00000E-03,-550.00000E-03,+1.12624998E+00
-3.93800E-03,-375.00000E-03,-500.00000E-03,-312.50000E-03,+52.49998E-03
-3.88800E-03,-375.00000E-03,-500.00000E-03,-237.50000E-03,+554.99998E-03
-3.83800E-03,-375.00000E-03,-500.00000E-03,-150.00000E-03,+1.13874998E+00
-3.78800E-03,-300.00000E-03,-500.00000E-03,-550.00000E-03,+618.74998E-03
-3.73800E-03,-137.50000E-03,-500.00000E-03,-387.50000E-03,+249.99998E-03
-3.68800E-03,-300.00000E-03,-500.00000E-03,-550.00000E-03,+1.11249998E+00
-3.63800E-03,-137.50000E-03,-500.00000E-03,-312.50000E-03,+1.19749998E+00
-3.58800E-03,-375.00000E-03,-350.00000E-03,-312.50000E-03,+119.99998E-03
-3.53800E-03,-450.00000E-03,-25.00000E-03,-387.50000E-03,+851.24998E-03
-3.48800E-03,-612.50000E-03,-425.00000E-03,-550.00000E-03,+1.37749998E+00
-3.43800E-03,-300.00000E-03,-262.50000E-03,-312.50000E-03,+584.99998E-03
-3.38800E-03,-137.50000E-03,-500.00000E-03,-237.50000E-03,+421.24998E-03
-3.33800E-03,-300.00000E-03,-500.00000E-03,-150.00000E-03,+1.27874998E+00
-3.28800E-03,-137.50000E-03,-425.00000E-03,-550.00000E-03,+1.21249998E+00
-3.23800E-03,-375.00000E-03,-187.50000E-03,-387.50000E-03,+197.49998E-03
-3.18800E-03,-450.00000E-03,-262.50000E-03,-550.00000E-03,+976.24998E-03
-3.13800E-03,-687.50000E-03,-575.00000E-03,-312.50000E-03,+1.36749998E+00
-3.08800E-03,-612.50000E-03,-737.50000E-03,-387.50000E-03,+282.49998E-03
-3.03800E-03,-375.00000E-03,-425.00000E-03,-550.00000E-03,+538.74998E-03
-2.98800E-03,-450.00000E-03,-187.50000E-03,-387.50000E-03,+1.21499998E+00
-2.93800E-03,-612.50000E-03,-262.50000E-03,-550.00000E-03,+762.49998E-03
-2.88800E-03,-375.00000E-03,-425.00000E-03,-387.50000E-03,+148.74998E-03
-2.83800E-03,-450.00000E-03,-262.50000E-03,-625.00000E-03,+1.01749998E+00
-2.78800E-03,-537.50000E-03,-425.00000E-03,-700.00000E-03,+1.18999998E+00
-2.73800E-03,-137.50000E-03,-262.50000E-03,-787.50000E-03,+58.74998E-03
-2.68800E-03,-450.00000E-03,-425.00000E-03,-387.50000E-03,+657.49998E-03
-2.63800E-03,-612.50000E-03,-187.50000E-03,-550.00000E-03,+1.08749998E+00
-2.58800E-03,-300.00000E-03,-262.50000E-03,-312.50000E-03,+381.24998E-03
-2.53800E-03,-212.50000E-03,-500.00000E-03,-387.50000E-03,+227.49998E-03
-2.48800E-03,-612.50000E-03,-500.00000E-03,-625.00000E-03,+958.74998E-03
-2.43800E-03,-375.00000E-03,-500.00000E-03,-550.00000E-03,+936.24998E-03
-2.38800E-03,-450.00000E-03,-425.00000E-03,-387.50000E-03,+104.99998E-03
-2.33800E-03,-612.50000E-03,-262.50000E-03,-550.00000E-03,+736.24998E-03
-2.28800E-03,-300.00000E-03,-500.00000E-03,-387.50000E-03,+991.24998E-03
-2.23800E-03,-137.50000E-03,-500.00000E-03,-625.00000E-03,+46.24998E-03
-2.18800E-03,-375.00000E-03,-500.00000E-03,-550.00000E-03,+392.49998E-03
-2.13800E-03,-450.00000E-03,-500.00000E-03,-312.50000E-03,+932.49998E-03
-2.08800E-03,-612.50000E-03,-500.00000E-03,-312.50000E-03,+627.49998E-03
-2.03800E-03,-300.00000E-03,-425.00000E-03,-312.50000E-03,+119.99998E-03
-1.98800E-03,-62.50000E-03,-262.50000E-03,-312.50000E-03,+791.24998E-03
-1.93800E-03,-137.50000E-03,-500.00000E-03,-312.50000E-03,+1.00749998E+00
-1.88800E-03,-450.00000E-03,-425.00000E-03,-387.50000E-03,+52.49998E-03
-1.83800E-03,-612.50000E-03,-187.50000E-03,-625.00000E-03,+517.49998E-03
-1.78800E-03,-300.00000E-03,-187.50000E-03,-625.00000E-03,+914.99998E-03
-1.73800E-03,-137.50000E-03,-187.50000E-03,-550.00000E-03,+278.74998E-03
-1.68800E-03,-375.00000E-03,-337.50000E-03,-387.50000E-03,+166.24998E-03
-1.63800E-03,-375.00000E-03,-737.50000E-03,-550.00000E-03,+847.49998E-03
-1.58800E-03,-375.00000E-03,-500.00000E-03,-237.50000E-03,+959.99998E-03
-1.53800E-03,-375.00000E-03,-500.00000E-03,-75.00000E-03,+82.49998E-03
-1.48800E-03,-450.00000E-03,-425.00000E-03,-312.50000E-03,+634.99998E-03
-1.43800E-03,-612.50000E-03,-262.50000E-03,-387.50000E-03,+926.24998E-03
-1.38800E-03,-375.00000E-03,-500.00000E-03,-550.00000E-03,+133.74998E-03
-1.33800E-03,-375.00000E-03,-500.00000E-03,-462.50000E-03,+361.24998E-03
-1.28800E-03,-375.00000E-03,-500.00000E-03,-787.50000E-03,+946.24998E-03
-1.23800E-03,-375.00000E-03,-500.00000E-03,-387.50000E-03,+746.24998E-03
-1.18800E-03,-450.00000E-03,-500.00000E-03,-625.00000E-03,+112.49998E-03
-1.13800E-03,-612.50000E-03,-575.00000E-03,-625.00000E-03,+759.99998E-03
-1.08800E-03,-375.00000E-03,-737.50000E-03,-625.00000E-03,+1.03624998E+00
-1.03800E-03,-450.00000E-03,-500.00000E-03,-550.00000E-03,+203.74998E-03
-988.00E-06,-612.50000E-03,-575.00000E-03,-312.50000E-03,+469.99998E-03
-938.00E-06,-300.00000E-03,-737.50000E-03,-387.50000E-03,+1.01999998E+00
-888.00E-06,-137.50000E-03,-500.00000E-03,-550.00000E-03,+611.24998E-03
-838.00E-06,-375.00000E-03,-500.00000E-03,-312.50000E-03,+181.24998E-03
-788.00E-06,-375.00000E-03,-500.00000E-03,-312.50000E-03,+962.49998E-03
-738.00E-06,-375.00000E-03,-500.00000E-03,-312.50000E-03,+1.25624998E+00
-688.00E-06,-375.00000E-03,-500.00000E-03,-312.50000E-03,+351.24998E-03
-638.00E-06,-375.00000E-03,-575.00000E-03,-237.50000E-03,+703.74998E-03
-588.00E-06,-375.00000E-03,-737.50000E-03,-75.00000E-03,+1.21874998E+00
-538.00E-06,-375.00000E-03,-500.00000E-03,-312.50000E-03,+646.24998E-03
-488.00E-06,-450.00000E-03,-500.00000E-03,-312.50000E-03,+539.99998E-03
-438.00E-06,-612.50000E-03,-500.00000E-03,-312.50000E-03,+1.28624998E+00
-388.00E-06,-375.00000E-03,-500.00000E-03,-312.50000E-03,+1.36374998E+00
-338.00E-06,-375.00000E-03,-500.00000E-03,-312.50000E-03,+646.24998E-03
-288.00E-06,-450.00000E-03,-500.00000E-03,-312.50000E-03,+1.14874998E+00
-238.00E-06,-612.50000E-03,-500.00000E-03,-387.50000E-03,+1.64249998E+00
-188.00E-06,-375.00000E-03,-500.00000E-03,-550.00000E-03,+994.99998E-03
-138.00E-06,-375.00000E-03,-500.00000E-03,-387.50000E-03,+1.08749998E+00
-88.00E-06,-375.00000E-03,-425.00000E-03,-550.00000E-03,+1.71124998E+00
-38.00E-06,+600.00000E-03,-187.50000E-03,-387.50000E-03,+1.59624998E+00
+12.00E-06,+3.46250000E+00,-262.50000E-03,-550.00000E-03,+698.74998E-03
+62.00E-06,+2.52500000E+00,-500.00000E-03,-387.50000E-03,-30.00002E-03
+112.00E-06,+1.13750000E+00,-425.00000E-03,-625.00000E-03,-141.25002E-03
+162.00E-06,-25.00000E-03,-187.50000E-03,-625.00000E-03,-441.25002E-03
+212.00E-06,+3.06250000E+00,-262.50000E-03,-550.00000E-03,-37.50002E-03
+262.00E-06,+2.01250000E+00,-500.00000E-03,-312.50000E-03,-157.50002E-03
+312.00E-06,-1.23750000E+00,-500.00000E-03,-387.50000E-03,-500.00002E-03
+362.00E-06,+125.00000E-03,-500.00000E-03,-550.00000E-03,-298.75002E-03
+412.00E-06,+2.56250000E+00,-425.00000E-03,-312.50000E-03,-60.00002E-03
+462.00E-06,-1.07500000E+00,-262.50000E-03,-387.50000E-03,-221.25002E-03
+512.00E-06,-37.50000E-03,-500.00000E-03,-625.00000E-03,-401.25002E-03
+562.00E-06,+4.07500000E+00,-500.00000E-03,-625.00000E-03,-68.75002E-03
+612.00E-06,+2.96250000E+00,-500.00000E-03,-625.00000E-03,-151.25002E-03
+662.00E-06,+187.50000E-03,-425.00000E-03,-550.00000E-03,-315.00002E-03
+712.00E-06,+4.86250000E+00,-187.50000E-03,-387.50000E-03,-13.75002E-03
+762.00E-06,+3.35000000E+00,-262.50000E-03,-625.00000E-03,-75.00002E-03
+812.00E-06,+287.50000E-03,-500.00000E-03,-625.00000E-03,-163.75002E-03
+862.00E-06,+3.82500000E+00,-500.00000E-03,-625.00000E-03,-53.75002E-03
+912.00E-06,+5.32500000E+00,-500.00000E-03,-625.00000E-03,+1.24998E-03
+962.00E-06,+3.98750000E+00,-500.00000E-03,-550.00000E-03,-20.00002E-03
+1.01200E-03,+650.00000E-03,-425.00000E-03,-387.50000E-03,-132.50002E-03
+1.06200E-03,+5.95000000E+00,-262.50000E-03,-550.00000E-03,-45.00002E-03
+1.11200E-03,+4.46250000E+00,-425.00000E-03,-312.50000E-03,-106.25002E-03
+1.16200E-03,+1.10000000E+00,-187.50000E-03,-312.50000E-03,-172.50002E-03
+1.21200E-03,+7.45000000E+00,-187.50000E-03,-312.50000E-03,-6.25002E-03
+1.26200E-03,+4.70000000E+00,-262.50000E-03,-312.50000E-03,-28.75002E-03
+1.31200E-03,+200.00000E-03,-425.00000E-03,-387.50000E-03,-85.00002E-03
+1.36200E-03,+4.67500000E+00,-187.50000E-03,-625.00000E-03,-45.00002E-03
+1.41200E-03,+6.88750000E+00,-187.50000E-03,-550.00000E-03,-68.75002E-03
+1.46200E-03,+5.17500000E+00,-262.50000E-03,-312.50000E-03,-61.25002E-03
+1.51200E-03,+1.10000000E+00,-425.00000E-03,-387.50000E-03,-37.50002E-03
+1.56200E-03,+7.75000000E+00,-262.50000E-03,-625.00000E-03,-37.50002E-03
+1.61200E-03,+5.65000000E+00,-500.00000E-03,-550.00000E-03,-45.00002E-03
+1.66200E-03,+500.00000E-03,-500.00000E-03,-312.50000E-03,-68.75002E-03
+1.71200E-03,+6.00000000E+00,-500.00000E-03,-312.50000E-03,-68.75002E-03
+1.76200E-03,+8.37500000E+00,-500.00000E-03,-387.50000E-03,-53.75002E-03
+1.81200E-03,+8.15000000E+00,-575.00000E-03,-625.00000E-03,-13.75002E-03
+1.86200E-03,+7.73750000E+00,-737.50000E-03,-625.00000E-03,-30.00002E-03
+1.91200E-03,+8.68750000E+00,-425.00000E-03,-625.00000E-03,-21.25002E-03
+1.96200E-03,+6.66250000E+00,-262.50000E-03,-625.00000E-03,-83.75002E-03
+2.01200E-03,+1.82500000E+00,-425.00000E-03,-625.00000E-03,-101.25002E-03
+2.06200E-03,+7.41250000E+00,-262.50000E-03,-550.00000E-03,-6.25002E-03
+2.11200E-03,+7.81250000E+00,-500.00000E-03,-387.50000E-03,-13.75002E-03
+2.16200E-03,+3.58750000E+00,-500.00000E-03,-550.00000E-03,-37.50002E-03
+2.21200E-03,+6.22500000E+00,-500.00000E-03,-387.50000E-03,-45.00002E-03
+2.26200E-03,+9.46250000E+00,-500.00000E-03,-625.00000E-03,-68.75002E-03
+2.31200E-03,+7.91250000E+00,-425.00000E-03,-550.00000E-03,-53.75002E-03
+2.36200E-03,+3.45000000E+00,-262.50000E-03,-387.50000E-03,-6.25002E-03
+2.41200E-03,+9.85000000E+00,-575.00000E-03,-625.00000E-03,-6.25002E-03
+2.46200E-03,+8.68750000E+00,-737.50000E-03,-625.00000E-03,-13.75002E-03
+2.51200E-03,+4.17500000E+00,-500.00000E-03,-550.00000E-03,-45.00002E-03
+2.56200E-03,+9.13750000E+00,-500.00000E-03,-312.50000E-03,-61.25002E-03
+2.61200E-03,+10.63750000E+00,-425.00000E-03,-312.50000E-03,-22.50002E-03
+2.66200E-03,+8.77500000E+00,-262.50000E-03,-312.50000E-03,+9.99998E-03
+2.71200E-03,+4.37500000E+00,-500.00000E-03,-387.50000E-03,-37.50002E-03
+2.76200E-03,+11.57500000E+00,-575.00000E-03,-475.00000E-03,-37.50002E-03
+2.81200E-03,+9.71250000E+00,-737.50000E-03,-150.00000E-03,-52.50002E-03
+2.86200E-03,+4.48750000E+00,-500.00000E-03,-550.00000E-03,-85.00002E-03
+2.91200E-03,+9.75000000E+00,-500.00000E-03,-312.50000E-03,-30.00002E-03
+2.96200E-03,+12.20000000E+00,-425.00000E-03,-387.50000E-03,-6.25002E-03
+3.01200E-03,+10.26250000E+00,-262.50000E-03,-625.00000E-03,-6.25002E-03
+3.06200E-03,+5.62500000E+00,-500.00000E-03,-625.00000E-03,-21.25002E-03
+3.11200E-03,+12.75000000E+00,-425.00000E-03,-550.00000E-03,-68.75002E-03
+3.16200E-03,+10.50000000E+00,-187.50000E-03,-387.50000E-03,-53.75002E-03
+3.21200E-03,+6.07500000E+00,-262.50000E-03,-625.00000E-03,+1.24998E-03
+3.26200E-03,+14.32500000E+00,-500.00000E-03,-625.00000E-03,+9.99998E-03
+3.31200E-03,+10.60000000E+00,-500.00000E-03,-625.00000E-03,-37.50002E-03
+3.36200E-03,+2.26250000E+00,-500.00000E-03,-550.00000E-03,-37.50002E-03
+3.41200E-03,+6.08750000E+00,-500.00000E-03,-312.50000E-03,-37.50002E-03
+3.46200E-03,+14.06250000E+00,-500.00000E-03,-387.50000E-03,-37.50002E-03
+3.51200E-03,+12.55000000E+00,-500.00000E-03,-625.00000E-03,-45.00002E-03
+3.56200E-03,+6.77500000E+00,-425.00000E-03,-625.00000E-03,-113.75002E-03
+3.61200E-03,+15.56250000E+00,-262.50000E-03,-550.00000E-03,-473.75002E-03
+3.66200E-03,+11.51250000E+00,-500.00000E-03,-387.50000E-03,-1.19250002E+00
+3.71200E-03,+1.53750000E+00,-500.00000E-03,-625.00000E-03,-972.50002E-03
+3.76200E-03,+11.76250000E+00,-500.00000E-03,-550.00000E-03,-155.00002E-03
+3.81200E-03,+15.56250000E+00,-500.00000E-03,-312.50000E-03,-920.00002E-03
+3.86200E-03,+14.13750000E+00,-575.00000E-03,-312.50000E-03,-1.19250002E+00
+3.91200E-03,+11.05000000E+00,-737.50000E-03,-387.50000E-03,-175.00002E-03
+3.96200E-03,+15.48750000E+00,-500.00000E-03,-550.00000E-03,-592.50002E-03
+4.01200E-03,+11.27500000E+00,-500.00000E-03,-387.50000E-03,-1.06500002E+00
+4.06200E-03,+2.66250000E+00,-500.00000E-03,-550.00000E-03,-591.25002E-03
+4.11200E-03,+15.32500000E+00,-500.00000E-03,-387.50000E-03,-248.75002E-03
+4.16200E-03,+11.58750000E+00,-500.00000E-03,-625.00000E-03,-983.75002E-03
+4.21200E-03,+1.32500000E+00,-500.00000E-03,-550.00000E-03,-1.16125002E+00
+4.26200E-03,+10.26250000E+00,-500.00000E-03,-387.50000E-03,-158.75002E-03
+4.31200E-03,+15.40000000E+00,-500.00000E-03,-550.00000E-03,-631.25002E-03
+4.36200E-03,+11.82500000E+00,-500.00000E-03,-387.50000E-03,-1.01500002E+00
+4.41200E-03,+2.90000000E+00,-500.00000E-03,-550.00000E-03,-297.50002E-03
+4.46200E-03,+15.32500000E+00,-425.00000E-03,-312.50000E-03,-326.25002E-03
+4.51200E-03,+11.51250000E+00,-262.50000E-03,-387.50000E-03,-988.75002E-03
+4.56200E-03,+1.46250000E+00,-500.00000E-03,-625.00000E-03,-868.75002E-03
+4.61200E-03,+11.52500000E+00,-500.00000E-03,-550.00000E-03,-172.50002E-03
+4.66200E-03,+15.56250000E+00,-500.00000E-03,-312.50000E-03,-757.50002E-03
+4.71200E-03,+14.96250000E+00,-500.00000E-03,-312.50000E-03,-971.25002E-03
+4.76200E-03,+13.66250000E+00,-500.00000E-03,-312.50000E-03,-128.75002E-03
+4.81200E-03,+15.48750000E+00,-425.00000E-03,-387.50000E-03,-476.25002E-03
+4.86200E-03,+11.35000000E+00,-262.50000E-03,-625.00000E-03,-922.50002E-03
+4.91200E-03,+1.85000000E+00,-500.00000E-03,-625.00000E-03,-583.75002E-03
+4.96200E-03,+12.07500000E+00,-500.00000E-03,-550.00000E-03,-202.50002E-03
+5.01200E-03,+15.57500000E+00,-500.00000E-03,-312.50000E-03,-897.50002E-03
+5.06200E-03,+13.50000000E+00,-500.00000E-03,-312.50000E-03,-1.10625002E+00
+5.11200E-03,+11.21250000E+00,-500.00000E-03,-312.50000E-03,-127.50002E-03
+5.16200E-03,+15.32500000E+00,-575.00000E-03,-387.50000E-03,-592.50002E-03
+5.21200E-03,+11.51250000E+00,-812.50000E-03,-550.00000E-03,-990.00002E-03
+5.26200E-03,+2.66250000E+00,-737.50000E-03,-312.50000E-03,-368.75002E-03
+5.31200E-03,+15.25000000E+00,-500.00000E-03,-312.50000E-03,-311.25002E-03
+5.36200E-03,+11.27500000E+00,-575.00000E-03,-312.50000E-03,-963.75002E-03
+5.41200E-03,+1.76250000E+00,-737.50000E-03,-312.50000E-03,-932.50002E-03
+5.46200E-03,+12.40000000E+00,-425.00000E-03,-312.50000E-03,-148.75002E-03
+5.51200E-03,+15.25000000E+00,-337.50000E-03,-312.50000E-03,-787.50002E-03
+5.56200E-03,+13.90000000E+00,-737.50000E-03,-312.50000E-03,-1.08125002E+00
+5.61200E-03,+10.97500000E+00,-500.00000E-03,-387.50000E-03,-153.75002E-03
+5.66200E-03,+15.32500000E+00,-500.00000E-03,-475.00000E-03,-420.00002E-03
+5.71200E-03,+11.66250000E+00,-575.00000E-03,-150.00000E-03,-1.03750002E+00
+5.76200E-03,+1.48750000E+00,-737.50000E-03,-625.00000E-03,-790.00002E-03
+5.81200E-03,+10.10000000E+00,-500.00000E-03,-550.00000E-03,-208.75002E-03
+5.86200E-03,+15.48750000E+00,-500.00000E-03,-312.50000E-03,-1.04500002E+00
+5.91200E-03,+13.07500000E+00,-575.00000E-03,-312.50000E-03,-1.27250002E+00
+5.96200E-03,+8.36250000E+00,-737.50000E-03,-387.50000E-03,-150.00002E-03
+6.01200E-03,+15.25000000E+00,-350.00000E-03,-625.00000E-03,-723.75002E-03
+6.06200E-03,+11.35000000E+00,-25.00000E-03,-625.00000E-03,-1.28500002E+00
+6.11200E-03,+2.97500000E+00,-500.00000E-03,-550.00000E-03,-693.75002E-03
+6.16200E-03,+15.56250000E+00,-500.00000E-03,-387.50000E-03,-362.50002E-03
+6.21200E-03,+11.58750000E+00,-500.00000E-03,-550.00000E-03,-1.37375002E+00
+6.26200E-03,+875.00000E-03,-500.00000E-03,-387.50000E-03,-1.49375002E+00
+6.31200E-03,+8.91250000E+00,-500.00000E-03,-550.00000E-03,-271.25002E-03
+6.36200E-03,+15.48750000E+00,-425.00000E-03,-312.50000E-03,-1.16000002E+00
+6.41200E-03,+11.35000000E+00,-337.50000E-03,-312.50000E-03,-1.69625002E+00
+6.46200E-03,+2.97500000E+00,-737.50000E-03,-387.50000E-03,-755.00002E-03
+6.51200E-03,+15.56250000E+00,-575.00000E-03,-550.00000E-03,-593.75002E-03
+6.56200E-03,+11.43750000E+00,-737.50000E-03,-312.50000E-03,-1.75250002E+00
+6.61200E-03,+250.00000E-03,-500.00000E-03,-312.50000E-03,-1.56500002E+00
+6.66200E-03,+8.36250000E+00,-425.00000E-03,-312.50000E-03,-143.75002E-03
+6.71200E-03,+15.25000000E+00,-187.50000E-03,-387.50000E-03,-583.75002E-03
+6.76200E-03,+13.60000000E+00,-262.50000E-03,-550.00000E-03,-925.00002E-03
+6.81200E-03,+10.10000000E+00,-575.00000E-03,-312.50000E-03,-87.50002E-03
+6.86200E-03,+15.56250000E+00,-662.50000E-03,-387.50000E-03,-653.75002E-03
+6.91200E-03,+11.51250000E+00,-337.50000E-03,-550.00000E-03,-1.24375002E+00
+6.96200E-03,+1.01250000E+00,-812.50000E-03,-387.50000E-03,-781.25002E-03
+7.01200E-03,+10.10000000E+00,-812.50000E-03,-625.00000E-03,-293.75002E-03
+7.06200E-03,+11.51250000E+00,-737.50000E-03,-550.00000E-03,-1.17875002E+00
+7.11200E-03,+937.50000E-03,-575.00000E-03,-312.50000E-03,-1.31250002E+00
+7.16200E-03,+9.93750000E+00,-737.50000E-03,-387.50000E-03,-126.25002E-03
+7.21200E-03,+15.80000000E+00,-425.00000E-03,-475.00000E-03,-708.75002E-03
+7.26200E-03,+11.66250000E+00,-262.50000E-03,-150.00000E-03,-1.14750002E+00
+7.31200E-03,+3.21250000E+00,-500.00000E-03,-625.00000E-03,-408.75002E-03
+7.36200E-03,+15.63750000E+00,-500.00000E-03,-625.00000E-03,-295.00002E-03
+7.41200E-03,+11.75000000E+00,-575.00000E-03,-550.00000E-03,-995.00002E-03
+7.46200E-03,+1.83750000E+00,-812.50000E-03,-387.50000E-03,-963.75002E-03
+7.51200E-03,+12.71250000E+00,-737.50000E-03,-625.00000E-03,-180.00002E-03
+7.56200E-03,+15.56250000E+00,-500.00000E-03,-550.00000E-03,-803.75002E-03
+7.61200E-03,+14.06250000E+00,-500.00000E-03,-312.50000E-03,-1.03500002E+00
+7.66200E-03,+10.81250000E+00,-575.00000E-03,-312.50000E-03,-90.00002E-03
+7.71200E-03,+15.48750000E+00,-737.50000E-03,-387.50000E-03,-436.25002E-03
+7.76200E-03,+11.35000000E+00,-575.00000E-03,-625.00000E-03,-968.75002E-03
+7.81200E-03,+1.70000000E+00,-737.50000E-03,-550.00000E-03,-662.50002E-03
+7.86200E-03,+11.45000000E+00,-500.00000E-03,-387.50000E-03,-218.75002E-03
+7.91200E-03,+15.32500000E+00,-575.00000E-03,-550.00000E-03,-851.25002E-03
+7.96200E-03,+13.98750000E+00,-737.50000E-03,-387.50000E-03,-1.03500002E+00
+8.01200E-03,+10.57500000E+00,-500.00000E-03,-550.00000E-03,-127.50002E-03
+8.06200E-03,+15.56250000E+00,-500.00000E-03,-387.50000E-03,-585.00002E-03
+8.11200E-03,+11.51250000E+00,-575.00000E-03,-550.00000E-03,-981.25002E-03
+8.16200E-03,+2.66250000E+00,-737.50000E-03,-312.50000E-03,-393.75002E-03
+8.21200E-03,+15.25000000E+00,-500.00000E-03,-312.50000E-03,-225.00002E-03
+8.26200E-03,+11.27500000E+00,-500.00000E-03,-387.50000E-03,-931.25002E-03
+8.31200E-03,+1.68750000E+00,-575.00000E-03,-625.00000E-03,-980.00002E-03
+8.36200E-03,+12.23750000E+00,-812.50000E-03,-550.00000E-03,-141.25002E-03
+8.41200E-03,+15.56250000E+00,-812.50000E-03,-312.50000E-03,-726.25002E-03
+8.46200E-03,+12.03750000E+00,-662.50000E-03,-387.50000E-03,-977.50002E-03
+8.51200E-03,+4.47500000E+00,-262.50000E-03,-550.00000E-03,-193.75002E-03
+8.56200E-03,+15.80000000E+00,-500.00000E-03,-312.50000E-03,-381.25002E-03
+8.61200E-03,+11.58750000E+00,-500.00000E-03,-387.50000E-03,-1.00500002E+00
+8.66200E-03,+1.62500000E+00,-500.00000E-03,-625.00000E-03,-845.00002E-03
+8.71200E-03,+11.28750000E+00,-500.00000E-03,-625.00000E-03,-187.50002E-03
+8.76200E-03,+15.56250000E+00,-500.00000E-03,-550.00000E-03,-850.00002E-03
+8.81200E-03,+14.81250000E+00,-500.00000E-03,-387.50000E-03,-1.11375002E+00
+8.86200E-03,+13.18750000E+00,-500.00000E-03,-625.00000E-03,-136.25002E-03
+8.91200E-03,+15.56250000E+00,-500.00000E-03,-625.00000E-03,-545.00002E-03
+8.96200E-03,+11.51250000E+00,-575.00000E-03,-625.00000E-03,-1.08000002E+00
+9.01200E-03,+2.66250000E+00,-737.50000E-03,-550.00000E-03,-623.75002E-03
+9.06200E-03,+15.32500000E+00,-500.00000E-03,-387.50000E-03,-216.25002E-03
+9.11200E-03,+11.58750000E+00,-500.00000E-03,-625.00000E-03,-1.05375002E+00
+9.16200E-03,+1.32500000E+00,-500.00000E-03,-550.00000E-03,-1.23250002E+00
+9.21200E-03,+10.33750000E+00,-425.00000E-03,-312.50000E-03,-188.75002E-03
+9.26200E-03,+15.56250000E+00,-262.50000E-03,-387.50000E-03,-771.25002E-03
+9.31200E-03,+11.58750000E+00,-500.00000E-03,-550.00000E-03,-1.22500002E+00
+9.36200E-03,+2.90000000E+00,-500.00000E-03,-312.50000E-03,-518.75002E-03
+9.41200E-03,+15.32500000E+00,-500.00000E-03,-312.50000E-03,-387.50002E-03
+9.46200E-03,+11.51250000E+00,-500.00000E-03,-312.50000E-03,-1.21250002E+00
+9.51200E-03,+712.50000E-03,-500.00000E-03,-387.50000E-03,-1.20875002E+00
+9.56200E-03,+9.07500000E+00,-500.00000E-03,-550.00000E-03,-233.75002E-03
+9.61200E-03,+15.25000000E+00,-575.00000E-03,-387.50000E-03,-988.75002E-03
+9.66200E-03,+11.27500000E+00,-662.50000E-03,-625.00000E-03,-1.44000002E+00
+9.71200E-03,+2.73750000E+00,-262.50000E-03,-625.00000E-03,-500.00002E-03
+9.76200E-03,+15.56250000E+00,-425.00000E-03,-625.00000E-03,-643.75002E-03
+9.81200E-03,+11.58750000E+00,-337.50000E-03,-550.00000E-03,-1.47500002E+00
+9.86200E-03,+950.00000E-03,-737.50000E-03,-387.50000E-03,-1.12250002E+00
+9.91200E-03,+8.25000000E+00,-500.00000E-03,-625.00000E-03,-13.75002E-03
+9.96200E-03,+11.88750000E+00,-500.00000E-03,-550.00000E-03,-37.50002E-03
+10.01200E-03,+10.70000000E+00,-500.00000E-03,-237.50000E-03,-45.00002E-03
+10.06200E-03,+7.53750000E+00,-575.00000E-03,-75.00000E-03,-68.75002E-03
+10.11200E-03,+11.73750000E+00,-812.50000E-03,-312.50000E-03,-61.25002E-03
+10.16200E-03,+9.25000000E+00,-737.50000E-03,-387.50000E-03,-37.50002E-03
+10.21200E-03,+4.52500000E+00,-425.00000E-03,-625.00000E-03,-37.50002E-03
+10.26200E-03,+11.82500000E+00,-262.50000E-03,-625.00000E-03,-30.00002E-03
+10.31200E-03,+8.40000000E+00,-575.00000E-03,-625.00000E-03,-21.25002E-03
+10.36200E-03,+1.98750000E+00,-812.50000E-03,-625.00000E-03,-61.25002E-03
+10.41200E-03,+7.40000000E+00,-737.50000E-03,-550.00000E-03,-22.50002E-03
+10.46200E-03,+10.25000000E+00,-500.00000E-03,-312.50000E-03,+2.49998E-03
+10.51200E-03,+8.15000000E+00,-500.00000E-03,-312.50000E-03,-61.25002E-03
+10.56200E-03,+3.60000000E+00,-500.00000E-03,-237.50000E-03,-37.50002E-03
+10.61200E-03,+10.25000000E+00,-500.00000E-03,-150.00000E-03,-45.00002E-03
+10.66200E-03,+7.92500000E+00,-500.00000E-03,-550.00000E-03,-53.75002E-03
+10.71200E-03,+1.98750000E+00,-425.00000E-03,-387.50000E-03,-6.25002E-03
+10.76200E-03,+7.17500000E+00,-187.50000E-03,-550.00000E-03,-21.25002E-03
+10.81200E-03,+9.31250000E+00,-262.50000E-03,-312.50000E-03,-61.25002E-03
+10.86200E-03,+8.78750000E+00,-500.00000E-03,-312.50000E-03,-37.50002E-03
+10.91200E-03,+7.57500000E+00,-500.00000E-03,-387.50000E-03,-45.00002E-03
+10.96200E-03,+8.92500000E+00,-500.00000E-03,-550.00000E-03,-53.75002E-03
+11.01200E-03,+6.73750000E+00,-500.00000E-03,-387.50000E-03,-13.75002E-03
+11.06200E-03,+2.58750000E+00,-500.00000E-03,-550.00000E-03,-30.00002E-03
+11.11200E-03,+8.92500000E+00,-500.00000E-03,-312.50000E-03,-13.75002E-03
+11.16200E-03,+6.28750000E+00,-425.00000E-03,-312.50000E-03,-52.50002E-03
+11.21200E-03,+487.50000E-03,-187.50000E-03,-387.50000E-03,-77.50002E-03
+11.26200E-03,+6.56250000E+00,-187.50000E-03,-625.00000E-03,-6.25002E-03
+11.31200E-03,+7.67500000E+00,-262.50000E-03,-625.00000E-03,-13.75002E-03
+11.36200E-03,+5.41250000E+00,-350.00000E-03,-625.00000E-03,-37.50002E-03
+11.41200E-03,+1.02500000E+00,+50.00000E-03,-550.00000E-03,-45.00002E-03
+11.46200E-03,+7.28750000E+00,-187.50000E-03,-387.50000E-03,-68.75002E-03
+11.51200E-03,+4.93750000E+00,-262.50000E-03,-625.00000E-03,-68.75002E-03
+11.56200E-03,+275.00000E-03,-500.00000E-03,-625.00000E-03,-61.25002E-03
+11.61200E-03,+4.83750000E+00,-425.00000E-03,-625.00000E-03,-30.00002E-03
+11.66200E-03,+6.42500000E+00,-262.50000E-03,-550.00000E-03,-21.25002E-03
+11.71200E-03,+4.98750000E+00,-500.00000E-03,-387.50000E-03,-76.25002E-03
+11.76200E-03,+2.38750000E+00,-425.00000E-03,-550.00000E-03,-92.50002E-03
+11.81200E-03,+6.03750000E+00,-262.50000E-03,-312.50000E-03,-53.75002E-03
+11.86200E-03,+3.98750000E+00,-500.00000E-03,-387.50000E-03,-43.75002E-03
+11.91200E-03,-25.00000E-03,-425.00000E-03,-625.00000E-03,-132.50002E-03
+11.96200E-03,+3.58750000E+00,-262.50000E-03,-625.00000E-03,-45.00002E-03
+12.01200E-03,+4.87500000E+00,-500.00000E-03,-550.00000E-03,-68.75002E-03
+12.06200E-03,+2.56250000E+00,-500.00000E-03,-312.50000E-03,-91.25002E-03
+12.11200E-03,+350.00000E-03,-500.00000E-03,-312.50000E-03,-132.50002E-03
+12.16200E-03,+4.62500000E+00,-575.00000E-03,-387.50000E-03,-37.50002E-03
+12.21200E-03,+3.20000000E+00,-737.50000E-03,-625.00000E-03,-112.50002E-03
+12.26200E-03,-37.50000E-03,-500.00000E-03,-625.00000E-03,-275.00002E-03
+12.31200E-03,+4.07500000E+00,-500.00000E-03,-625.00000E-03,-45.00002E-03
+12.36200E-03,+2.88750000E+00,-500.00000E-03,-550.00000E-03,-76.25002E-03
+12.41200E-03,-1.40000000E+00,-500.00000E-03,-387.50000E-03,-152.50002E-03
+12.46200E-03,+362.50000E-03,-575.00000E-03,-550.00000E-03,-258.75002E-03
+12.51200E-03,+3.61250000E+00,-737.50000E-03,-312.50000E-03,-68.75002E-03
+12.56200E-03,+2.32500000E+00,-500.00000E-03,-387.50000E-03,-196.25002E-03
+12.61200E-03,+275.00000E-03,-500.00000E-03,-625.00000E-03,-472.50002E-03
+12.66200E-03,+3.93750000E+00,-500.00000E-03,-550.00000E-03,-53.75002E-03
+12.71200E-03,+1.77500000E+00,-425.00000E-03,-387.50000E-03,-66.25002E-03
+12.76200E-03,-1.23750000E+00,-262.50000E-03,-625.00000E-03,-346.25002E-03
+12.81200E-03,-175.00000E-03,-500.00000E-03,-550.00000E-03,-496.25002E-03
+12.86200E-03,+2.43750000E+00,-500.00000E-03,-312.50000E-03,-68.75002E-03
+12.91200E-03,+1.53750000E+00,-575.00000E-03,-387.50000E-03,-248.75002E-03
+12.96200E-03,-1.31250000E+00,-737.50000E-03,-550.00000E-03,-736.25002E-03
+13.01200E-03,-562.50000E-03,-575.00000E-03,-312.50000E-03,-370.00002E-03
+13.06200E-03,+1.13750000E+00,-737.50000E-03,-387.50000E-03,-165.00002E-03
+13.11200E-03,-850.00000E-03,-500.00000E-03,-550.00000E-03,-658.75002E-03
+13.16200E-03,-375.00000E-03,-500.00000E-03,-312.50000E-03,-583.75002E-03
+13.21200E-03,-375.00000E-03,-500.00000E-03,-387.50000E-03,+751.24998E-03
+13.26200E-03,-375.00000E-03,-500.00000E-03,-625.00000E-03,+1.13624998E+00
+13.31200E-03,-375.00000E-03,-500.00000E-03,-550.00000E-03,+467.49998E-03
+13.36200E-03,-450.00000E-03,-500.00000E-03,-387.50000E-03,+876.24998E-03
+13.41200E-03,-687.50000E-03,-500.00000E-03,-625.00000E-03,+1.33624998E+00
+13.46200E-03,-612.50000E-03,-425.00000E-03,-625.00000E-03,+732.49998E-03
+13.51200E-03,-375.00000E-03,-262.50000E-03,-550.00000E-03,+587.49998E-03
+13.56200E-03,-375.00000E-03,-500.00000E-03,-312.50000E-03,+1.24874998E+00
+13.61200E-03,-450.00000E-03,-500.00000E-03,-387.50000E-03,+1.18499998E+00
+13.66200E-03,-612.50000E-03,-575.00000E-03,-625.00000E-03,+396.24998E-03
+13.71200E-03,-450.00000E-03,-662.50000E-03,-625.00000E-03,+876.24998E-03
+13.76200E-03,-687.50000E-03,-262.50000E-03,-550.00000E-03,+1.23874998E+00
+13.81200E-03,-537.50000E-03,-500.00000E-03,-312.50000E-03,+393.74998E-03
+13.86200E-03,-137.50000E-03,-425.00000E-03,-312.50000E-03,+469.99998E-03
+13.91200E-03,-450.00000E-03,-187.50000E-03,-387.50000E-03,+1.02749998E+00
+13.96200E-03,-687.50000E-03,-187.50000E-03,-625.00000E-03,+619.99998E-03
+14.01200E-03,-687.50000E-03,-187.50000E-03,-625.00000E-03,+118.74998E-03
+14.06200E-03,-612.50000E-03,-262.50000E-03,-625.00000E-03,+884.99998E-03
+14.11200E-03,-375.00000E-03,-500.00000E-03,-625.00000E-03,+1.09374998E+00
+14.16200E-03,-375.00000E-03,-500.00000E-03,-550.00000E-03,+107.49998E-03
+14.21200E-03,-375.00000E-03,-425.00000E-03,-312.50000E-03,+533.74998E-03
+14.26200E-03,-375.00000E-03,-262.50000E-03,-387.50000E-03,+891.24998E-03
+14.31200E-03,-375.00000E-03,-425.00000E-03,-625.00000E-03,+301.24998E-03
+14.36200E-03,-450.00000E-03,-262.50000E-03,-550.00000E-03,+252.49998E-03
+14.41200E-03,-612.50000E-03,-500.00000E-03,-462.50000E-03,+857.49998E-03
+14.46200E-03,-450.00000E-03,-500.00000E-03,-862.50000E-03,+841.24998E-03
+14.51200E-03,-612.50000E-03,-500.00000E-03,-625.00000E-03,+82.49998E-03
+14.56200E-03,-375.00000E-03,-575.00000E-03,-625.00000E-03,+634.99998E-03
+14.61200E-03,-450.00000E-03,-737.50000E-03,-700.00000E-03,+896.24998E-03
+14.66200E-03,-612.50000E-03,-425.00000E-03,-862.50000E-03,+38.74998E-03
+14.71200E-03,-375.00000E-03,-262.50000E-03,-550.00000E-03,+353.74998E-03
+14.76200E-03,-450.00000E-03,-500.00000E-03,-387.50000E-03,+862.49998E-03
+14.81200E-03,-612.50000E-03,-425.00000E-03,-550.00000E-03,+548.74998E-03
+14.86200E-03,-375.00000E-03,-187.50000E-03,-387.50000E-03,+103.74998E-03
+14.91200E-03,-450.00000E-03,-262.50000E-03,-550.00000E-03,+814.99998E-03
+14.96200E-03,-612.50000E-03,-500.00000E-03,-312.50000E-03,+1.01499998E+00
+15.01200E-03,-300.00000E-03,-500.00000E-03,-387.50000E-03,+76.24998E-03
+15.06200E-03,-212.50000E-03,-425.00000E-03,-625.00000E-03,+494.99998E-03
+15.11200E-03,-687.50000E-03,-262.50000E-03,-550.00000E-03,+866.24998E-03
+15.16200E-03,-687.50000E-03,-500.00000E-03,-312.50000E-03,+372.49998E-03
+15.21200E-03,-612.50000E-03,-425.00000E-03,-312.50000E-03,+259.99998E-03
+15.26200E-03,-375.00000E-03,-262.50000E-03,-387.50000E-03,+926.24998E-03
+15.31200E-03,-375.00000E-03,-500.00000E-03,-550.00000E-03,+976.24998E-03
+15.36200E-03,-375.00000E-03,-500.00000E-03,-387.50000E-03,+51.24998E-03
+15.41200E-03,-375.00000E-03,-500.00000E-03,-625.00000E-03,+633.74998E-03
+15.46200E-03,-375.00000E-03,-425.00000E-03,-550.00000E-03,+1.03499998E+00
+15.51200E-03,-375.00000E-03,-262.50000E-03,-312.50000E-03,+244.99998E-03
+15.56200E-03,-375.00000E-03,-425.00000E-03,-312.50000E-03,+359.99998E-03
+15.61200E-03,-375.00000E-03,-262.50000E-03,-312.50000E-03,+1.04749998E+00
+15.66200E-03,-375.00000E-03,-500.00000E-03,-237.50000E-03,+841.24998E-03
+15.71200E-03,-375.00000E-03,-500.00000E-03,-75.00000E-03,+142.49998E-03
+15.76200E-03,-375.00000E-03,-425.00000E-03,-312.50000E-03,+914.99998E-03
+15.81200E-03,-375.00000E-03,-262.50000E-03,-312.50000E-03,+1.21124998E+00
+15.86200E-03,-375.00000E-03,-500.00000E-03,-387.50000E-03,+171.24998E-03
+15.91200E-03,-375.00000E-03,-500.00000E-03,-550.00000E-03,+554.99998E-03
+15.96200E-03,-450.00000E-03,-500.00000E-03,-387.50000E-03,+1.18374998E+00
+16.01200E-03,-612.50000E-03,-575.00000E-03,-550.00000E-03,+753.74998E-03
+16.06200E-03,-375.00000E-03,-662.50000E-03,-462.50000E-03,+218.74998E-03
+16.11200E-03,-375.00000E-03,-337.50000E-03,-862.50000E-03,+1.14124998E+00
+16.16200E-03,-450.00000E-03,-812.50000E-03,-625.00000E-03,+1.37874998E+00
+16.21200E-03,-687.50000E-03,-737.50000E-03,-625.00000E-03,+152.49998E-03
+16.26200E-03,-612.50000E-03,-425.00000E-03,-475.00000E-03,+811.24998E-03
+16.31200E-03,-375.00000E-03,-262.50000E-03,-75.00000E-03,+1.45374998E+00
+16.36200E-03,-375.00000E-03,-500.00000E-03,-387.50000E-03,+736.24998E-03
+16.41200E-03,-450.00000E-03,-500.00000E-03,-550.00000E-03,+351.24998E-03
+16.46200E-03,-612.50000E-03,-500.00000E-03,-387.50000E-03,+1.18499998E+00
+16.51200E-03,-375.00000E-03,-500.00000E-03,-625.00000E-03,+1.13374998E+00
+16.56200E-03,-375.00000E-03,-575.00000E-03,-625.00000E-03,+166.24998E-03
+16.61200E-03,-375.00000E-03,-662.50000E-03,-550.00000E-03,+922.49998E-03
+16.66200E-03,-525.00000E-03,-262.50000E-03,-312.50000E-03,+1.28749998E+00
+16.71200E-03,-775.00000E-03,-575.00000E-03,-387.50000E-03,+314.99998E-03
+16.76200E-03,-137.50000E-03,-737.50000E-03,-625.00000E-03,+453.74998E-03
+16.81200E-03,-375.00000E-03,-425.00000E-03,-625.00000E-03,+1.09624998E+00
+16.86200E-03,-375.00000E-03,-262.50000E-03,-550.00000E-03,+777.49998E-03
+16.91200E-03,-375.00000E-03,-500.00000E-03,-312.50000E-03,+181.24998E-03
+16.96200E-03,-375.00000E-03,-575.00000E-03,-387.50000E-03,+962.49998E-03
+17.01200E-03,-375.00000E-03,-737.50000E-03,-550.00000E-03,+1.17374998E+00
+17.06200E-03,-375.00000E-03,-425.00000E-03,-387.50000E-03,+59.99998E-03
+17.11200E-03,-450.00000E-03,-262.50000E-03,-625.00000E-03,+563.74998E-03
+17.16200E-03,-612.50000E-03,-500.00000E-03,-625.00000E-03,+1.01624998E+00
+17.21200E-03,-450.00000E-03,-425.00000E-03,-625.00000E-03,+388.74998E-03
+17.26200E-03,-687.50000E-03,-112.50000E-03,-625.00000E-03,+236.24998E-03
+17.31200E-03,-687.50000E-03,-25.00000E-03,-550.00000E-03,+896.24998E-03
+17.36200E-03,-612.50000E-03,-500.00000E-03,-312.50000E-03,+888.74998E-03
+17.41200E-03,-375.00000E-03,-500.00000E-03,-312.50000E-03,+97.49998E-03
+17.46200E-03,-375.00000E-03,-425.00000E-03,-387.50000E-03,+697.49998E-03
+17.51200E-03,-375.00000E-03,-262.50000E-03,-550.00000E-03,+958.74998E-03
+17.56200E-03,-375.00000E-03,-500.00000E-03,-312.50000E-03,+78.74998E-03
+17.61200E-03,-300.00000E-03,-500.00000E-03,-387.50000E-03,+314.99998E-03
+17.66200E-03,-137.50000E-03,-500.00000E-03,-625.00000E-03,+844.99998E-03
+17.71200E-03,-375.00000E-03,-425.00000E-03,-550.00000E-03,+666.24998E-03
+17.76200E-03,-375.00000E-03,-262.50000E-03,-312.50000E-03,+167.49998E-03
+17.81200E-03,-375.00000E-03,-425.00000E-03,-387.50000E-03,+776.24998E-03
+17.86200E-03,-375.00000E-03,-262.50000E-03,-550.00000E-03,+952.49998E-03
+17.91200E-03,-375.00000E-03,-575.00000E-03,-312.50000E-03,+13.74998E-03
+17.96200E-03,-375.00000E-03,-662.50000E-03,-312.50000E-03,+462.49998E-03
+18.01200E-03,-375.00000E-03,-262.50000E-03,-312.50000E-03,+928.74998E-03
+18.06200E-03,-375.00000E-03,-500.00000E-03,-312.50000E-03,+397.49998E-03
+18.11200E-03,-450.00000E-03,-500.00000E-03,-312.50000E-03,+166.24998E-03
+18.16200E-03,-687.50000E-03,-500.00000E-03,-312.50000E-03,+839.99998E-03
+18.21200E-03,-612.50000E-03,-500.00000E-03,-312.50000E-03,+936.24998E-03
+18.26200E-03,-375.00000E-03,-425.00000E-03,-312.50000E-03,+82.49998E-03
+18.31200E-03,-375.00000E-03,-187.50000E-03,-312.50000E-03,+627.49998E-03
+18.36200E-03,-450.00000E-03,-262.50000E-03,-387.50000E-03,+939.99998E-03
+18.41200E-03,-537.50000E-03,-500.00000E-03,-625.00000E-03,+222.49998E-03
+18.46200E-03,-212.50000E-03,-500.00000E-03,-550.00000E-03,+243.74998E-03
+18.51200E-03,-612.50000E-03,-500.00000E-03,-312.50000E-03,+904.99998E-03
+18.56200E-03,-450.00000E-03,-575.00000E-03,-312.50000E-03,+848.74998E-03
+18.61200E-03,-612.50000E-03,-737.50000E-03,-387.50000E-03,+136.24998E-03
+18.66200E-03,-375.00000E-03,-500.00000E-03,-625.00000E-03,+767.49998E-03
+18.71200E-03,-375.00000E-03,-500.00000E-03,-550.00000E-03,+1.08249998E+00
+18.76200E-03,-375.00000E-03,-500.00000E-03,-387.50000E-03,+274.99998E-03
+18.81200E-03,-375.00000E-03,-500.00000E-03,-550.00000E-03,+477.49998E-03
+18.86200E-03,-375.00000E-03,-500.00000E-03,-312.50000E-03,+1.08124998E+00
+18.91200E-03,-375.00000E-03,-425.00000E-03,-312.50000E-03,+752.49998E-03
+18.96200E-03,-375.00000E-03,-262.50000E-03,-312.50000E-03,+259.99998E-03
+19.01200E-03,-450.00000E-03,-500.00000E-03,-387.50000E-03,+993.74998E-03
+19.06200E-03,-612.50000E-03,-500.00000E-03,-550.00000E-03,+1.31749998E+00
+19.11200E-03,-375.00000E-03,-425.00000E-03,-387.50000E-03,+492.49998E-03
+19.16200E-03,-450.00000E-03,-262.50000E-03,-550.00000E-03,+804.99998E-03
+19.21200E-03,-612.50000E-03,-425.00000E-03,-387.50000E-03,+1.38124998E+00
+19.26200E-03,-375.00000E-03,-187.50000E-03,-625.00000E-03,+897.49998E-03
+19.31200E-03,-375.00000E-03,-187.50000E-03,-550.00000E-03,+673.74998E-03
+19.36200E-03,-375.00000E-03,-262.50000E-03,-312.50000E-03,+1.39374998E+00
+19.41200E-03,-375.00000E-03,-425.00000E-03,-312.50000E-03,+1.60624998E+00
+19.46200E-03,-375.00000E-03,-262.50000E-03,-387.50000E-03,+842.49998E-03
+19.51200E-03,-375.00000E-03,-425.00000E-03,-625.00000E-03,+1.28874998E+00
+19.56200E-03,-450.00000E-03,-262.50000E-03,-625.00000E-03,+1.83749998E+00
+19.61200E-03,+437.50000E-03,-425.00000E-03,-550.00000E-03,+943.74998E-03
+19.66200E-03,+3.70000000E+00,-262.50000E-03,-312.50000E-03,-6.25002E-03
+19.71200E-03,+1.85000000E+00,-500.00000E-03,-387.50000E-03,-73.75002E-03
+19.76200E-03,-1.00000000E+00,-500.00000E-03,-550.00000E-03,-340.00002E-03
+19.81200E-03,-25.00000E-03,-500.00000E-03,-387.50000E-03,-401.25002E-03
+19.86200E-03,+3.13750000E+00,-575.00000E-03,-625.00000E-03,-68.75002E-03
+19.91200E-03,+2.32500000E+00,-737.50000E-03,-550.00000E-03,-211.25002E-03
+19.96200E-03,-175.00000E-03,-500.00000E-03,-312.50000E-03,-512.50002E-03
+20.01200E-03,+2.73750000E+00,-500.00000E-03,-312.50000E-03,-30.00002E-03
+20.06200E-03,+2.48750000E+00,-575.00000E-03,-387.50000E-03,-96.25002E-03
+20.11200E-03,-1.23750000E+00,-737.50000E-03,-550.00000E-03,-351.25002E-03
+20.16200E-03,+200.00000E-03,-425.00000E-03,-312.50000E-03,-203.75002E-03
+20.21200E-03,+2.72500000E+00,-262.50000E-03,-387.50000E-03,-45.00002E-03
+20.26200E-03,-1.23750000E+00,-500.00000E-03,-625.00000E-03,-128.75002E-03
+20.31200E-03,+350.00000E-03,-425.00000E-03,-625.00000E-03,-251.25002E-03
+20.36200E-03,+4.62500000E+00,-262.50000E-03,-625.00000E-03,-45.00002E-03
+20.41200E-03,+3.20000000E+00,-500.00000E-03,-550.00000E-03,-151.25002E-03
+20.46200E-03,+262.50000E-03,-425.00000E-03,-312.50000E-03,-315.00002E-03
+20.51200E-03,+5.25000000E+00,-262.50000E-03,-312.50000E-03,-6.25002E-03
+20.56200E-03,+3.75000000E+00,-575.00000E-03,-312.50000E-03,-43.75002E-03
+20.61200E-03,-100.00000E-03,-737.50000E-03,-387.50000E-03,-132.50002E-03
+20.66200E-03,+3.57500000E+00,-500.00000E-03,-625.00000E-03,-37.50002E-03
+20.71200E-03,+6.18750000E+00,-500.00000E-03,-625.00000E-03,-52.50002E-03
+20.76200E-03,+4.91250000E+00,-500.00000E-03,-550.00000E-03,-85.00002E-03
+20.81200E-03,+2.15000000E+00,-575.00000E-03,-387.50000E-03,-37.50002E-03
+20.86200E-03,+6.26250000E+00,-812.50000E-03,-550.00000E-03,-37.50002E-03
+20.91200E-03,+4.70000000E+00,-662.50000E-03,-387.50000E-03,-75.00002E-03
+20.96200E-03,+800.00000E-03,-262.50000E-03,-700.00000E-03,-163.75002E-03
+21.01200E-03,+6.72500000E+00,-500.00000E-03,-787.50000E-03,-61.25002E-03
+21.06200E-03,+5.41250000E+00,-575.00000E-03,-387.50000E-03,-37.50002E-03
+21.11200E-03,+500.00000E-03,-737.50000E-03,-550.00000E-03,-30.00002E-03
+21.16200E-03,+5.85000000E+00,-500.00000E-03,-387.50000E-03,-6.25002E-03
+21.21200E-03,+7.67500000E+00,-425.00000E-03,-550.00000E-03,-28.75002E-03
+21.26200E-03,+5.48750000E+00,-187.50000E-03,-312.50000E-03,-92.50002E-03
+21.31200E-03,+1.41250000E+00,-262.50000E-03,-312.50000E-03,-46.25002E-03
+21.36200E-03,+8.13750000E+00,-500.00000E-03,-312.50000E-03,+9.99998E-03
+21.41200E-03,+6.12500000E+00,-500.00000E-03,-387.50000E-03,-45.00002E-03
+21.46200E-03,+575.00000E-03,-500.00000E-03,-550.00000E-03,-61.25002E-03
+21.51200E-03,+6.38750000E+00,-500.00000E-03,-387.50000E-03,-37.50002E-03
+21.56200E-03,+9.00000000E+00,-500.00000E-03,-625.00000E-03,-30.00002E-03
+21.61200E-03,+9.30000000E+00,-425.00000E-03,-625.00000E-03,+1.24998E-03
+21.66200E-03,+10.02500000E+00,-187.50000E-03,-550.00000E-03,+17.49998E-03
+21.71200E-03,+9.31250000E+00,-187.50000E-03,-462.50000E-03,-13.75002E-03
+21.76200E-03,+7.21250000E+00,-262.50000E-03,-787.50000E-03,-45.00002E-03
+21.81200E-03,+2.21250000E+00,-425.00000E-03,-387.50000E-03,-68.75002E-03
+21.86200E-03,+8.03750000E+00,-337.50000E-03,-550.00000E-03,-53.75002E-03
+21.91200E-03,+10.01250000E+00,-737.50000E-03,-387.50000E-03,-6.25002E-03
+21.96200E-03,+9.20000000E+00,-575.00000E-03,-625.00000E-03,-21.25002E-03
+22.01200E-03,+6.92500000E+00,-737.50000E-03,-550.00000E-03,-61.25002E-03
+22.06200E-03,+10.32500000E+00,-500.00000E-03,-387.50000E-03,-45.00002E-03
+22.11200E-03,+8.38750000E+00,-575.00000E-03,-625.00000E-03,-68.75002E-03
+22.16200E-03,+3.82500000E+00,-737.50000E-03,-625.00000E-03,-53.75002E-03
+22.21200E-03,+11.18750000E+00,-500.00000E-03,-625.00000E-03,-13.75002E-03
+22.26200E-03,+9.01250000E+00,-425.00000E-03,-550.00000E-03,-37.50002E-03
+22.31200E-03,+3.32500000E+00,-262.50000E-03,-387.50000E-03,-37.50002E-03
+22.36200E-03,+8.25000000E+00,-500.00000E-03,-550.00000E-03,-45.00002E-03
+22.41200E-03,+11.81250000E+00,-500.00000E-03,-312.50000E-03,-53.75002E-03
+22.46200E-03,+9.56250000E+00,-500.00000E-03,-387.50000E-03,-6.25002E-03
+22.51200E-03,+4.91250000E+00,-575.00000E-03,-550.00000E-03,-13.75002E-03
+22.56200E-03,+12.67500000E+00,-737.50000E-03,-312.50000E-03,-37.50002E-03
+22.61200E-03,+10.03750000E+00,-500.00000E-03,-387.50000E-03,-45.00002E-03
+22.66200E-03,+4.01250000E+00,-575.00000E-03,-550.00000E-03,-68.75002E-03
+22.71200E-03,+9.90000000E+00,-812.50000E-03,-312.50000E-03,-53.75002E-03
+22.76200E-03,+12.75000000E+00,-737.50000E-03,-312.50000E-03,-13.75002E-03
+22.81200E-03,+10.50000000E+00,-500.00000E-03,-387.50000E-03,-37.50002E-03
+22.86200E-03,+5.70000000E+00,-425.00000E-03,-625.00000E-03,-45.00002E-03
+22.91200E-03,+13.13750000E+00,-262.50000E-03,-550.00000E-03,-76.25002E-03
+22.96200E-03,+11.05000000E+00,-425.00000E-03,-387.50000E-03,-85.00002E-03
+23.01200E-03,+6.53750000E+00,-262.50000E-03,-625.00000E-03,-22.50002E-03
+23.06200E-03,+15.18750000E+00,-500.00000E-03,-625.00000E-03,+17.49998E-03
+23.11200E-03,+10.40000000E+00,-425.00000E-03,-550.00000E-03,-81.25002E-03
+23.16200E-03,+500.00000E-03,-262.50000E-03,-312.50000E-03,-258.75002E-03
+23.21200E-03,+7.72500000E+00,-500.00000E-03,-312.50000E-03,-196.25002E-03
+23.26200E-03,+15.48750000E+00,-425.00000E-03,-312.50000E-03,-795.00002E-03
+23.31200E-03,+11.35000000E+00,-337.50000E-03,-312.50000E-03,-1.20250002E+00
+23.36200E-03,+2.97500000E+00,-662.50000E-03,-312.50000E-03,-455.00002E-03
+23.41200E-03,+15.56250000E+00,-262.50000E-03,-387.50000E-03,-396.25002E-03
+23.46200E-03,+11.51250000E+00,-500.00000E-03,-625.00000E-03,-1.10500002E+00
+23.51200E-03,+1.61250000E+00,-425.00000E-03,-625.00000E-03,-1.01125002E+00
+23.56200E-03,+12.00000000E+00,-187.50000E-03,-625.00000E-03,-187.50002E-03
+23.61200E-03,+15.56250000E+00,-262.50000E-03,-625.00000E-03,-850.00002E-03
+23.66200E-03,+14.06250000E+00,-575.00000E-03,-550.00000E-03,-1.11375002E+00
+23.71200E-03,+10.81250000E+00,-737.50000E-03,-387.50000E-03,-136.25002E-03
+23.76200E-03,+15.56250000E+00,-500.00000E-03,-550.00000E-03,-530.00002E-03
+23.81200E-03,+11.58750000E+00,-500.00000E-03,-312.50000E-03,-1.03250002E+00
+23.86200E-03,+1.85000000E+00,-575.00000E-03,-387.50000E-03,-623.75002E-03
+23.91200E-03,+11.92500000E+00,-812.50000E-03,-625.00000E-03,-186.25002E-03
+23.96200E-03,+11.35000000E+00,-737.50000E-03,-625.00000E-03,-928.75002E-03
+24.01200E-03,+1.17500000E+00,-575.00000E-03,-625.00000E-03,-1.13750002E+00
+24.06200E-03,+9.86250000E+00,-737.50000E-03,-550.00000E-03,-158.75002E-03
+24.11200E-03,+15.56250000E+00,-500.00000E-03,-387.50000E-03,-601.25002E-03
+24.16200E-03,+11.58750000E+00,-500.00000E-03,-550.00000E-03,-920.00002E-03
+24.21200E-03,+2.97500000E+00,-500.00000E-03,-387.50000E-03,-282.50002E-03
+24.26200E-03,+15.56250000E+00,-575.00000E-03,-550.00000E-03,-256.25002E-03
+24.31200E-03,+11.51250000E+00,-737.50000E-03,-312.50000E-03,-940.00002E-03
+24.36200E-03,+1.53750000E+00,-425.00000E-03,-387.50000E-03,-940.00002E-03
+24.41200E-03,+11.76250000E+00,-337.50000E-03,-550.00000E-03,-150.00002E-03
+24.46200E-03,+15.56250000E+00,-737.50000E-03,-312.50000E-03,-678.75002E-03
+24.51200E-03,+14.28750000E+00,-500.00000E-03,-387.50000E-03,-955.00002E-03
+24.56200E-03,+11.60000000E+00,-575.00000E-03,-625.00000E-03,-137.50002E-03
+24.61200E-03,+15.80000000E+00,-737.50000E-03,-550.00000E-03,-443.75002E-03
+24.66200E-03,+11.51250000E+00,-575.00000E-03,-387.50000E-03,-970.00002E-03
+24.71200E-03,+1.53750000E+00,-737.50000E-03,-475.00000E-03,-576.25002E-03
+24.76200E-03,+11.76250000E+00,-500.00000E-03,-150.00000E-03,-171.25002E-03
+24.81200E-03,+15.56250000E+00,-500.00000E-03,-625.00000E-03,-866.25002E-03
+24.86200E-03,+14.43750000E+00,-500.00000E-03,-625.00000E-03,-1.09750002E+00
+24.91200E-03,+12.00000000E+00,-500.00000E-03,-625.00000E-03,-175.00002E-03
+24.96200E-03,+15.56250000E+00,-425.00000E-03,-550.00000E-03,-577.50002E-03
+25.01200E-03,+11.58750000E+00,-262.50000E-03,-387.50000E-03,-957.50002E-03
+25.06200E-03,+3.05000000E+00,-500.00000E-03,-550.00000E-03,-401.25002E-03
+25.11200E-03,+15.72500000E+00,-500.00000E-03,-387.50000E-03,-256.25002E-03
+25.16200E-03,+11.27500000E+00,-500.00000E-03,-625.00000E-03,-992.50002E-03
+25.21200E-03,+937.50000E-03,-500.00000E-03,-550.00000E-03,-1.09125002E+00
+25.26200E-03,+9.78750000E+00,-575.00000E-03,-387.50000E-03,-110.00002E-03
+25.31200E-03,+15.32500000E+00,-737.50000E-03,-550.00000E-03,-740.00002E-03
+25.36200E-03,+11.96250000E+00,-500.00000E-03,-312.50000E-03,-1.10375002E+00
+25.41200E-03,+4.16250000E+00,-500.00000E-03,-387.50000E-03,-232.50002E-03
+25.46200E-03,+15.56250000E+00,-500.00000E-03,-550.00000E-03,-466.25002E-03
+25.51200E-03,+11.51250000E+00,-500.00000E-03,-387.50000E-03,-1.13875002E+00
+25.56200E-03,+1.01250000E+00,-500.00000E-03,-625.00000E-03,-892.50002E-03
+25.61200E-03,+10.10000000E+00,-500.00000E-03,-550.00000E-03,-232.50002E-03
+25.66200E-03,+15.48750000E+00,-500.00000E-03,-387.50000E-03,-1.06000002E+00
+25.71200E-03,+14.27500000E+00,-500.00000E-03,-550.00000E-03,-1.35000002E+00
+25.76200E-03,+12.23750000E+00,-500.00000E-03,-387.50000E-03,-260.00002E-03
+25.81200E-03,+15.48750000E+00,-500.00000E-03,-625.00000E-03,-793.75002E-03
+25.86200E-03,+11.27500000E+00,-500.00000E-03,-625.00000E-03,-1.41625002E+00
+25.91200E-03,+2.66250000E+00,-500.00000E-03,-625.00000E-03,-868.75002E-03
+25.96200E-03,+15.25000000E+00,-575.00000E-03,-550.00000E-03,-345.00002E-03
+26.01200E-03,+11.35000000E+00,-662.50000E-03,-387.50000E-03,-1.54375002E+00
+26.06200E-03,+2.00000000E+00,-262.50000E-03,-550.00000E-03,-1.73125002E+00
+26.11200E-03,+12.47500000E+00,-425.00000E-03,-237.50000E-03,-241.25002E-03
+26.16200E-03,+15.56250000E+00,-187.50000E-03,-150.00000E-03,-1.09500002E+00
+26.21200E-03,+11.51250000E+00,-262.50000E-03,-625.00000E-03,-1.85125002E+00
+26.26200E-03,+2.66250000E+00,-500.00000E-03,-625.00000E-03,-877.50002E-03
+26.31200E-03,+15.32500000E+00,-575.00000E-03,-625.00000E-03,-192.50002E-03
+26.36200E-03,+11.58750000E+00,-812.50000E-03,-625.00000E-03,-956.25002E-03
+26.41200E-03,+1.32500000E+00,-737.50000E-03,-625.00000E-03,-908.75002E-03
+26.46200E-03,+10.33750000E+00,-575.00000E-03,-550.00000E-03,-208.75002E-03
+26.51200E-03,+15.48750000E+00,-737.50000E-03,-387.50000E-03,-1.06000002E+00
+26.56200E-03,+11.65000000E+00,-500.00000E-03,-475.00000E-03,-1.37250002E+00
+26.61200E-03,+4.00000000E+00,-500.00000E-03,-150.00000E-03,-301.25002E-03
+26.66200E-03,+15.72500000E+00,-500.00000E-03,-625.00000E-03,-638.75002E-03
+26.71200E-03,+11.35000000E+00,-500.00000E-03,-625.00000E-03,-1.20375002E+00
+26.76200E-03,+1.25000000E+00,-500.00000E-03,-625.00000E-03,-805.00002E-03
+26.81200E-03,+10.10000000E+00,-500.00000E-03,-625.00000E-03,-263.75002E-03
+26.86200E-03,+15.56250000E+00,-500.00000E-03,-625.00000E-03,-1.06125002E+00
+26.91200E-03,+13.83750000E+00,-500.00000E-03,-625.00000E-03,-1.24875002E+00
+26.96200E-03,+10.02500000E+00,-425.00000E-03,-550.00000E-03,-127.50002E-03
+27.01200E-03,+15.32500000E+00,-262.50000E-03,-387.50000E-03,-600.00002E-03
+27.06200E-03,+11.58750000E+00,-500.00000E-03,-550.00000E-03,-1.02875002E+00
+27.11200E-03,+2.90000000E+00,-425.00000E-03,-312.50000E-03,-416.25002E-03
+27.16200E-03,+15.32500000E+00,-262.50000E-03,-387.50000E-03,-303.75002E-03
+27.21200E-03,+11.51250000E+00,-575.00000E-03,-550.00000E-03,-955.00002E-03
+27.26200E-03,+1.16250000E+00,-662.50000E-03,-387.50000E-03,-987.50002E-03
+27.31200E-03,+10.57500000E+00,-262.50000E-03,-550.00000E-03,-157.50002E-03
+27.36200E-03,+15.56250000E+00,-500.00000E-03,-387.50000E-03,-717.50002E-03
+27.41200E-03,+14.06250000E+00,-500.00000E-03,-625.00000E-03,-1.01000002E+00
+27.46200E-03,+10.81250000E+00,-500.00000E-03,-550.00000E-03,-146.25002E-03
+27.51200E-03,+15.48750000E+00,-500.00000E-03,-237.50000E-03,-366.25002E-03
+27.56200E-03,+11.27500000E+00,-500.00000E-03,-225.00000E-03,-905.00002E-03
+27.61200E-03,+6.26250000E+00,-2.60000000E+00,+1.08750000E+00,-933.75002E-03
